time,Stimeseries
0.0,5.0e7
0.1,5.00704e7
0.2,5.01363e7
0.30000000000000004,5.02004e7
0.4,5.02726e7
0.5,5.03436e7
0.6000000000000001,5.04094e7
0.7000000000000001,5.04894e7
0.8,5.05651e7
0.9,5.06325e7
1.0,5.06998e7
1.1,5.07724e7
1.2000000000000002,5.08408e7
1.3,5.09199e7
1.4000000000000001,5.09823e7
1.5,5.10564e7
1.6,5.1131e7
1.7000000000000002,5.1202e7
1.8,5.12721e7
1.9000000000000001,5.13455e7
2.0,5.14263e7
2.1,5.15028e7
2.2,5.15755e7
2.3000000000000003,5.16498e7
2.4000000000000004,5.17216e7
2.5,5.1792e7
2.6,5.18797e7
2.7,5.19608e7
2.8000000000000003,5.20455e7
2.9000000000000004,5.21157e7
3.0,5.21978e7
3.1,5.22717e7
3.2,5.23563e7
3.3000000000000003,5.2426e7
3.4000000000000004,5.25145e7
3.5,5.26029e7
3.6,5.26906e7
3.7,5.27684e7
3.8000000000000003,5.28567e7
3.9000000000000004,5.295e7
4.0,5.30338e7
4.1000000000000005,5.31236e7
4.2,5.3216e7
4.3,5.33016e7
4.4,5.33828e7
4.5,5.34755e7
4.6000000000000005,5.35651e7
4.7,5.36511e7
4.800000000000001,5.37432e7
4.9,5.38359e7
5.0,5.39286e7
5.1000000000000005,5.40167e7
5.2,5.41055e7
5.300000000000001,5.4196e7
5.4,5.42946e7
5.5,5.43879e7
5.6000000000000005,5.44762e7
5.7,5.45752e7
5.800000000000001,5.46617e7
5.9,5.4758e7
6.0,5.48546e7
6.1000000000000005,5.49547e7
6.2,5.50496e7
6.300000000000001,5.51467e7
6.4,5.5239e7
6.5,5.53395e7
6.6000000000000005,5.5444e7
6.7,5.55462e7
6.800000000000001,5.56431e7
6.9,5.5745e7
7.0,5.58433e7
7.1000000000000005,5.59457e7
7.2,5.60536e7
7.300000000000001,5.61542e7
7.4,5.62557e7
7.5,5.63611e7
7.6000000000000005,5.64556e7
7.7,5.65595e7
7.800000000000001,5.66689e7
7.9,5.67802e7
8.0,5.68798e7
8.1,5.69755e7
8.200000000000001,5.70864e7
8.3,5.7185e7
8.4,5.72928e7
8.5,5.73972e7
8.6,5.7508e7
8.700000000000001,5.76208e7
8.8,5.7737e7
8.9,5.78391e7
9.0,5.79539e7
9.1,5.80556e7
9.200000000000001,5.8169e7
9.3,5.82705e7
9.4,5.83802e7
9.5,5.84858e7
9.600000000000001,5.85841e7
9.700000000000001,5.86975e7
9.8,5.88101e7
9.9,5.89191e7
10.0,5.90332e7
10.100000000000001,5.91462e7
10.200000000000001,5.92551e7
10.3,5.93698e7
10.4,5.94798e7
10.5,5.95937e7
10.600000000000001,5.97027e7
10.700000000000001,5.98132e7
10.8,5.99211e7
10.9,6.00349e7
11.0,6.0151e7
11.100000000000001,6.02655e7
11.200000000000001,6.03815e7
11.3,6.04933e7
11.4,6.06113e7
11.5,6.07246e7
11.600000000000001,6.08436e7
11.700000000000001,6.09614e7
11.8,6.10752e7
11.9,6.11909e7
12.0,6.1309e7
12.100000000000001,6.14318e7
12.200000000000001,6.15485e7
12.3,6.1667e7
12.4,6.17834e7
12.5,6.19e7
12.600000000000001,6.20234e7
12.700000000000001,6.21387e7
12.8,6.22469e7
12.9,6.2368e7
13.0,6.24925e7
13.100000000000001,6.26139e7
13.200000000000001,6.27365e7
13.3,6.28617e7
13.4,6.29837e7
13.5,6.31024e7
13.600000000000001,6.32304e7
13.700000000000001,6.33571e7
13.8,6.34746e7
13.9,6.35971e7
14.0,6.3725e7
14.100000000000001,6.38505e7
14.200000000000001,6.39754e7
14.3,6.41055e7
14.4,6.42275e7
14.5,6.43546e7
14.600000000000001,6.44774e7
14.700000000000001,6.46077e7
14.8,6.4734e7
14.9,6.48577e7
15.0,6.49879e7
15.100000000000001,6.51199e7
15.200000000000001,6.52454e7
15.3,6.53786e7
15.4,6.55122e7
15.5,6.56364e7
15.600000000000001,6.57633e7
15.700000000000001,6.58952e7
15.8,6.60325e7
15.9,6.6163e7
16.0,6.62968e7
16.1,6.64282e7
16.2,6.65661e7
16.3,6.66966e7
16.400000000000002,6.68249e7
16.5,6.69623e7
16.6,6.71016e7
16.7,6.723e7
16.8,6.73565e7
16.900000000000002,6.749e7
17.0,6.76221e7
17.1,6.77546e7
17.2,6.78874e7
17.3,6.80231e7
17.400000000000002,6.81634e7
17.5,6.83015e7
17.6,6.84387e7
17.7,6.85778e7
17.8,6.8715e7
17.900000000000002,6.88568e7
18.0,6.90014e7
18.1,6.91465e7
18.2,6.92891e7
18.3,6.94335e7
18.400000000000002,6.95742e7
18.5,6.97231e7
18.6,6.98667e7
18.7,7.00014e7
18.8,7.01433e7
18.900000000000002,7.02854e7
19.0,7.04318e7
19.1,7.05794e7
19.200000000000003,7.07239e7
19.3,7.08687e7
19.400000000000002,7.10157e7
19.5,7.11598e7
19.6,7.13143e7
19.700000000000003,7.14631e7
19.8,7.16114e7
19.900000000000002,7.17577e7
20.0,7.19091e7
20.1,7.20659e7
20.200000000000003,7.22186e7
20.3,7.23633e7
20.400000000000002,7.25202e7
20.5,7.26714e7
20.6,7.28174e7
20.700000000000003,7.29685e7
20.8,7.3126e7
20.900000000000002,7.32858e7
21.0,7.34444e7
21.1,7.36066e7
21.200000000000003,7.37615e7
21.3,7.39172e7
21.400000000000002,7.40791e7
21.5,7.42307e7
21.6,7.44012e7
21.700000000000003,7.45636e7
21.8,7.47231e7
21.900000000000002,7.48779e7
22.0,7.50427e7
22.1,7.52118e7
22.200000000000003,7.53773e7
22.3,7.55401e7
22.400000000000002,7.57025e7
22.5,7.58675e7
22.6,7.60442e7
22.700000000000003,7.62025e7
22.8,7.63665e7
22.900000000000002,7.65339e7
23.0,7.67008e7
23.1,7.68739e7
23.200000000000003,7.70592e7
23.3,7.72274e7
23.400000000000002,7.74059e7
23.5,7.75691e7
23.6,7.77366e7
23.700000000000003,7.79092e7
23.8,7.8082e7
23.900000000000002,7.82568e7
24.0,7.84353e7
24.1,7.86175e7
24.200000000000003,7.87917e7
24.3,7.89717e7
24.400000000000002,7.91498e7
24.5,7.93337e7
24.6,7.95074e7
24.700000000000003,7.96895e7
24.8,7.98735e7
24.900000000000002,8.00524e7
25.0,8.02293e7
25.1,8.04174e7
25.200000000000003,8.05994e7
25.3,8.0787e7
25.400000000000002,8.09665e7
25.5,8.11548e7
25.6,8.13402e7
25.700000000000003,8.15264e7
25.8,8.17204e7
25.900000000000002,8.1914e7
26.0,8.20984e7
26.1,8.22828e7
26.200000000000003,8.24671e7
26.3,8.26366e7
26.400000000000002,8.27815e7
26.5,8.29177e7
26.6,8.30158e7
26.700000000000003,8.3076e7
26.8,8.30775e7
26.900000000000002,8.29914e7
27.0,8.2812e7
27.1,8.25348e7
27.200000000000003,8.21125e7
27.3,8.15624e7
27.400000000000002,8.08776e7
27.5,8.00573e7
27.6,7.90902e7
27.700000000000003,7.79842e7
27.8,7.6749e7
27.900000000000002,7.54242e7
28.0,7.39759e7
28.1,7.24234e7
28.200000000000003,7.07996e7
28.3,6.90966e7
28.400000000000002,6.73498e7
28.5,6.55471e7
28.6,6.37108e7
28.700000000000003,6.18576e7
28.8,6.0009e7
28.900000000000002,5.81146e7
29.0,5.62603e7
29.1,5.43797e7
29.200000000000003,5.25705e7
29.3,5.07554e7
29.400000000000002,4.89491e7
29.5,4.71989e7
29.6,4.54906e7
29.700000000000003,4.38349e7
29.8,4.22372e7
29.900000000000002,4.06908e7
30.0,3.92017e7
30.1,3.77429e7
30.200000000000003,3.63224e7
30.3,3.4948e7
30.400000000000002,3.36506e7
30.5,3.23922e7
30.6,3.1209e7
30.700000000000003,3.00561e7
30.8,2.89409e7
30.900000000000002,2.78759e7
31.0,2.68455e7
31.1,2.5864e7
31.200000000000003,2.49247e7
31.3,2.40113e7
31.400000000000002,2.31481e7
31.5,2.23021e7
31.6,2.15206e7
31.700000000000003,2.07736e7
31.8,2.00475e7
31.900000000000002,1.93427e7
32.0,1.86811e7
32.1,1.8049e7
32.2,1.74465e7
32.300000000000004,1.69004e7
32.4,1.63547e7
32.5,1.58316e7
32.6,1.53249e7
32.7,1.48295e7
32.800000000000004,1.43631e7
32.9,1.3925e7
33.0,1.35031e7
33.1,1.3108e7
33.2,1.27284e7
33.300000000000004,1.23592e7
33.4,1.20018e7
33.5,1.1662e7
33.6,1.13317e7
33.7,1.10212e7
33.800000000000004,1.07187e7
33.9,1.04204e7
34.0,1.01343e7
34.1,9.874e6
34.2,9.6134e6
34.300000000000004,9.3674e6
34.4,9.1279e6
34.5,8.8981e6
34.6,8.6845e6
34.7,8.4899e6
34.800000000000004,8.2909e6
34.9,8.0927e6
35.0,7.9092e6
35.1,7.7341e6
35.2,7.5623e6
35.300000000000004,7.4018e6
35.4,7.2434e6
35.5,7.0975e6
35.6,6.952e6
35.7,6.8044e6
35.800000000000004,6.6756e6
35.9,6.5453e6
36.0,6.4262e6
36.1,6.3019e6
36.2,6.1869e6
36.300000000000004,6.0818e6
36.4,5.9746e6
36.5,5.8724e6
36.6,5.7744e6
36.7,5.6847e6
36.800000000000004,5.5862e6
36.9,5.4965e6
37.0,5.4075e6
37.1,5.3192e6
37.2,5.243e6
37.300000000000004,5.1659e6
37.4,5.0827e6
37.5,5.0019e6
37.6,4.9339e6
37.7,4.8612e6
37.800000000000004,4.793e6
37.9,4.7282e6
38.0,4.6631e6
38.1,4.5979e6
38.2,4.5374e6
38.300000000000004,4.4789e6
38.400000000000006,4.4208e6
38.5,4.3673e6
38.6,4.3161e6
38.7,4.2617e6
38.800000000000004,4.2127e6
38.900000000000006,4.1663e6
39.0,4.1202e6
39.1,4.074e6
39.2,4.0271e6
39.300000000000004,3.9861e6
39.400000000000006,3.9373e6
39.5,3.894e6
39.6,3.8485e6
39.7,3.8074e6
39.800000000000004,3.7654e6
39.900000000000006,3.7264e6
40.0,3.691e6
40.1,3.6548e6
40.2,3.6177e6
40.300000000000004,3.5844e6
40.400000000000006,3.5519e6
40.5,3.5198e6
40.6,3.4886e6
40.7,3.454e6
40.800000000000004,3.4218e6
40.900000000000006,3.3941e6
41.0,3.3596e6
41.1,3.327e6
41.2,3.297e6
41.300000000000004,3.2679e6
41.400000000000006,3.237e6
41.5,3.2099e6
41.6,3.1839e6
41.7,3.1547e6
41.800000000000004,3.1286e6
41.900000000000006,3.1039e6
42.0,3.0755e6
42.1,3.0517e6
42.2,3.0224e6
42.300000000000004,2.9977e6
42.400000000000006,2.9722e6
42.5,2.9452e6
42.6,2.9207e6
42.7,2.9001e6
42.800000000000004,2.8767e6
42.900000000000006,2.8517e6
43.0,2.8304e6
43.1,2.808e6
43.2,2.7825e6
43.300000000000004,2.7611e6
43.400000000000006,2.7416e6
43.5,2.7172e6
43.6,2.6963e6
43.7,2.6738e6
43.800000000000004,2.6533e6
43.900000000000006,2.6348e6
44.0,2.6156e6
44.1,2.5964e6
44.2,2.5744e6
44.300000000000004,2.5564e6
44.400000000000006,2.5352e6
44.5,2.5183e6
44.6,2.4982e6
44.7,2.48e6
44.800000000000004,2.4615e6
44.900000000000006,2.4424e6
45.0,2.4238e6
45.1,2.4102e6
45.2,2.3987e6
45.300000000000004,2.3813e6
45.400000000000006,2.3632e6
45.5,2.3483e6
45.6,2.3338e6
45.7,2.3195e6
45.800000000000004,2.3039e6
45.900000000000006,2.2894e6
46.0,2.2732e6
46.1,2.2562e6
46.2,2.2428e6
46.300000000000004,2.227e6
46.400000000000006,2.2129e6
46.5,2.1981e6
46.6,2.1857e6
46.7,2.1724e6
46.800000000000004,2.1614e6
46.900000000000006,2.1508e6
47.0,2.1368e6
47.1,2.1267e6
47.2,2.1126e6
47.300000000000004,2.1016e6
47.400000000000006,2.0908e6
47.5,2.0765e6
47.6,2.0616e6
47.7,2.0516e6
47.800000000000004,2.041e6
47.900000000000006,2.0296e6
48.0,2.0185e6
48.1,2.0064e6
48.2,1.9945e6
48.300000000000004,1.9834e6
48.400000000000006,1.9701e6
48.5,1.9593e6
48.6,1.948e6
48.7,1.9356e6
48.800000000000004,1.9264e6
48.900000000000006,1.9154e6
49.0,1.9056e6
49.1,1.895e6
49.2,1.8819e6
49.300000000000004,1.8693e6
49.400000000000006,1.8592e6
49.5,1.8489e6
49.6,1.8375e6
49.7,1.8279e6
49.800000000000004,1.8147e6
49.900000000000006,1.8037e6
50.0,1.7926e6
50.1,1.7814e6
50.2,1.7724e6
50.300000000000004,1.7628e6
50.400000000000006,1.7481e6
50.5,1.7366e6
50.6,1.7266e6
50.7,1.7136e6
50.800000000000004,1.7028e6
50.900000000000006,1.691e6
51.0,1.6807e6
51.1,1.6697e6
51.2,1.6563e6
51.300000000000004,1.6456e6
51.400000000000006,1.6313e6
51.5,1.6191e6
51.6,1.6039e6
51.7,1.5913e6
51.800000000000004,1.578e6
51.900000000000006,1.5656e6
52.0,1.5535e6
52.1,1.5407e6
52.2,1.527e6
52.300000000000004,1.5133e6
52.400000000000006,1.5007e6
52.5,1.487e6
52.6,1.4767e6
52.7,1.4639e6
52.800000000000004,1.4501e6
52.900000000000006,1.4374e6
53.0,1.4263e6
53.1,1.4139e6
53.2,1.4022e6
53.300000000000004,1.3885e6
53.400000000000006,1.3762e6
53.5,1.3631e6
53.6,1.3489e6
53.7,1.3348e6
53.800000000000004,1.32e6
53.900000000000006,1.3052e6
54.0,1.2913e6
54.1,1.2758e6
54.2,1.2584e6
54.300000000000004,1.2387e6
54.400000000000006,1.2218e6
54.5,1.2016e6
54.6,1.1816e6
54.7,1.1558e6
54.800000000000004,1.1303e6
54.900000000000006,1.1044e6
55.0,1.078e6
55.1,1.0469e6
55.2,1.0158e6
55.300000000000004,980400.0
55.400000000000006,941100.0
55.5,908500.0
55.6,873000.0
55.7,835900.0
55.800000000000004,799100.0
55.900000000000006,762400.0
56.0,726800.0
56.1,690600.0
56.2,658900.0
56.300000000000004,624700.0
56.400000000000006,596000.0
56.5,562700.0
56.6,532100.0
56.7,502500.0
56.800000000000004,475000.0
56.900000000000006,449400.0
57.0,421400.0
57.1,398800.0
57.2,376000.0
57.300000000000004,352200.0
57.400000000000006,330000.0
57.5,309000.0
57.6,290200.0
57.7,273200.0
57.800000000000004,257900.0
57.900000000000006,242200.0
58.0,226400.0
58.1,212800.0
58.2,201700.0
58.300000000000004,189900.0
58.400000000000006,178800.0
58.5,169000.0
58.6,158900.0
58.7,150600.0
58.800000000000004,142000.0
58.900000000000006,134500.0
59.0,127200.0
59.1,120600.0
59.2,114900.0
59.300000000000004,108600.0
59.400000000000006,103500.0
59.5,97800.0
59.6,91500.0
59.7,86400.0
59.800000000000004,81300.0
59.900000000000006,78400.0
60.0,74700.0
60.1,71100.0
60.2,68500.0
60.300000000000004,65500.0
60.400000000000006,62500.0
60.5,60300.0
60.6,57700.0
60.7,55400.0
60.800000000000004,53700.0
60.900000000000006,51500.0
61.0,49000.0
61.1,47100.0
61.2,44500.0
61.300000000000004,42800.0
61.400000000000006,40600.0
61.5,39300.0
61.6,38000.0
61.7,36600.0
61.800000000000004,35900.0
61.900000000000006,34400.0
62.0,33500.0
62.1,32500.0
62.2,31900.0
62.300000000000004,31000.0
62.400000000000006,30300.0
62.5,29200.0
62.6,28500.0
62.7,27400.0
62.800000000000004,27100.0
62.900000000000006,26300.0
63.0,25800.0
63.1,25100.0
63.2,24000.0
63.300000000000004,23400.0
63.400000000000006,22800.0
63.5,22200.0
63.6,22100.0
63.7,21400.0
63.800000000000004,20900.0
63.900000000000006,20500.0
64.0,20000.0
64.10000000000001,19900.0
64.2,19400.0
64.3,18900.0
64.4,18600.0
64.5,18400.0
64.60000000000001,17600.0
64.7,17300.0
64.8,17000.0
64.9,16800.0
65.0,16300.0
65.10000000000001,16100.0
65.2,15700.0
65.3,15700.0
65.4,15500.0
65.5,15300.0
65.60000000000001,14600.0
65.7,14000.0
65.8,13700.0
65.9,13700.0
66.0,13600.0
66.10000000000001,13300.0
66.2,13000.0
66.3,12500.0
66.4,12400.0
66.5,12400.0
66.60000000000001,12200.0
66.7,12100.0
66.8,12200.0
66.9,11900.0
67.0,11300.0
67.10000000000001,11100.0
67.2,10600.0
67.3,10500.0
67.4,10300.0
67.5,9900.0
67.60000000000001,9800.0
67.7,9600.0
67.8,9200.0
67.9,9000.0
68.0,8900.0
68.10000000000001,8800.0
68.2,8500.0
68.3,8300.0
68.4,8300.0
68.5,8100.0
68.60000000000001,8000.0
68.7,7900.0
68.8,7700.0
68.9,7600.0
69.0,7500.0
69.10000000000001,7400.0
69.2,7300.0
69.3,7400.0
69.4,7200.0
69.5,7100.0
69.60000000000001,7100.0
69.7,7100.0
69.8,7000.0
69.9,7000.0
70.0,7000.0
70.10000000000001,6900.0
70.2,6900.0
70.3,6900.0
70.4,6700.0
70.5,6700.0
70.60000000000001,6500.0
70.7,6300.0
70.8,6300.0
70.9,6200.0
71.0,6000.0
71.10000000000001,6100.0
71.2,6100.0
71.3,6000.0
71.4,5800.0
71.5,5500.0
71.60000000000001,5400.0
71.7,5300.0
71.8,5300.0
71.9,5200.0
72.0,5100.0
72.10000000000001,5000.0
72.2,5000.0
72.3,4800.0
72.4,4800.0
72.5,4700.0
72.60000000000001,4600.0
72.7,4600.0
72.8,4500.0
72.9,4400.0
73.0,4200.0
73.10000000000001,4100.0
73.2,4100.0
73.3,4100.0
73.4,4000.0
73.5,4000.0
73.60000000000001,4000.0
73.7,4000.0
73.8,4000.0
73.9,4000.0
74.0,3900.0
74.10000000000001,3800.0
74.2,3800.0
74.3,3800.0
74.4,3900.0
74.5,4000.0
74.60000000000001,4000.0
74.7,3900.0
74.8,3900.0
74.9,3900.0
75.0,4000.0
75.10000000000001,3900.0
75.2,3800.0
75.3,3600.0
75.4,3600.0
75.5,3400.0
75.60000000000001,3500.0
75.7,3500.0
75.8,3500.0
75.9,3400.0
76.0,3400.0
76.10000000000001,3500.0
76.2,3500.0
76.3,3400.0
76.4,3400.0
76.5,3400.0
76.60000000000001,3400.0
76.7,3400.0
76.80000000000001,3200.0
76.9,3200.0
77.0,2900.0
77.10000000000001,2900.0
77.2,2800.0
77.30000000000001,2800.0
77.4,2800.0
77.5,2600.0
77.60000000000001,2600.0
77.7,2600.0
77.80000000000001,2600.0
77.9,2500.0
78.0,2500.0
78.10000000000001,2500.0
78.2,2500.0
78.30000000000001,2400.0
78.4,2300.0
78.5,2300.0
78.60000000000001,2300.0
78.7,2100.0
78.80000000000001,2000.0
78.9,2000.0
79.0,2000.0
79.10000000000001,2000.0
79.2,2000.0
79.30000000000001,2000.0
79.4,1900.0
79.5,1900.0
79.60000000000001,1900.0
79.7,1900.0
79.80000000000001,1800.0
79.9,1700.0
80.0,1700.0
80.10000000000001,1600.0
80.2,1600.0
80.30000000000001,1600.0
80.4,1600.0
80.5,1600.0
80.60000000000001,1600.0
80.7,1400.0
80.80000000000001,1400.0
80.9,1400.0
81.0,1400.0
81.10000000000001,1400.0
81.2,1400.0
81.30000000000001,1400.0
81.4,1400.0
81.5,1400.0
81.60000000000001,1400.0
81.7,1300.0
81.80000000000001,1300.0
81.9,1300.0
82.0,1300.0
82.10000000000001,1300.0
82.2,1300.0
82.30000000000001,1200.0
82.4,1000.0
82.5,1000.0
82.60000000000001,1000.0
82.7,1000.0
82.80000000000001,1000.0
82.9,1000.0
83.0,1000.0
83.10000000000001,1000.0
83.2,1000.0
83.30000000000001,900.0
83.4,800.0
83.5,800.0
83.60000000000001,800.0
83.7,800.0
83.80000000000001,700.0
83.9,700.0
84.0,700.0
84.10000000000001,600.0
84.2,600.0
84.30000000000001,500.0
84.4,500.0
84.5,500.0
84.60000000000001,500.0
84.7,400.0
84.80000000000001,400.0
84.9,300.0
85.0,300.0
85.10000000000001,300.0
85.2,300.0
85.30000000000001,200.0
85.4,200.0
85.5,200.0
85.60000000000001,200.0
85.7,200.0
85.80000000000001,200.0
85.9,200.0
86.0,200.0
86.10000000000001,200.0
86.2,200.0
86.30000000000001,200.0
86.4,200.0
86.5,200.0
86.60000000000001,200.0
86.7,100.0
86.80000000000001,0.0
86.9,0.0
87.0,0.0
87.10000000000001,0.0
87.2,0.0
87.30000000000001,0.0
87.4,0.0
87.5,0.0
87.60000000000001,0.0
87.7,0.0
87.80000000000001,0.0
87.9,0.0
88.0,0.0
88.10000000000001,0.0
88.2,0.0
88.30000000000001,0.0
88.4,0.0
88.5,0.0
88.60000000000001,0.0
88.7,0.0
88.80000000000001,0.0
88.9,0.0
89.0,0.0
89.10000000000001,0.0
89.2,0.0
89.30000000000001,0.0
89.4,0.0
89.5,0.0
89.60000000000001,0.0
89.7,0.0
89.80000000000001,0.0
89.9,0.0
90.0,0.0
90.10000000000001,0.0
90.2,0.0
90.30000000000001,0.0
90.4,0.0
90.5,0.0
90.60000000000001,0.0
90.7,0.0
90.80000000000001,0.0
90.9,0.0
91.0,0.0
91.10000000000001,0.0
91.2,0.0
91.30000000000001,0.0
91.4,0.0
91.5,0.0
91.60000000000001,0.0
91.7,0.0
91.80000000000001,0.0
91.9,0.0
92.0,0.0
92.10000000000001,0.0
92.2,0.0
92.30000000000001,0.0
92.4,0.0
92.5,0.0
92.60000000000001,0.0
92.7,0.0
92.80000000000001,0.0
92.9,0.0
93.0,0.0
93.10000000000001,0.0
93.2,0.0
93.30000000000001,0.0
93.4,0.0
93.5,0.0
93.60000000000001,0.0
93.7,0.0
93.80000000000001,0.0
93.9,0.0
94.0,0.0
94.10000000000001,0.0
94.2,0.0
94.30000000000001,0.0
94.4,0.0
94.5,0.0
94.60000000000001,0.0
94.7,0.0
94.80000000000001,0.0
94.9,0.0
95.0,0.0
95.10000000000001,0.0
95.2,0.0
95.30000000000001,0.0
95.4,0.0
95.5,0.0
95.60000000000001,0.0
95.7,0.0
95.80000000000001,0.0
95.9,0.0
96.0,0.0
96.10000000000001,0.0
96.2,0.0
96.30000000000001,0.0
96.4,0.0
96.5,0.0
96.60000000000001,0.0
96.7,0.0
96.80000000000001,0.0
96.9,0.0
97.0,0.0
97.10000000000001,0.0
97.2,0.0
97.30000000000001,0.0
97.4,0.0
97.5,0.0
97.60000000000001,0.0
97.7,0.0
97.80000000000001,0.0
97.9,0.0
98.0,0.0
98.10000000000001,0.0
98.2,0.0
98.30000000000001,0.0
98.4,0.0
98.5,0.0
98.60000000000001,0.0
98.7,0.0
98.80000000000001,0.0
98.9,0.0
99.0,0.0
99.10000000000001,0.0
99.2,0.0
99.30000000000001,0.0
99.4,0.0
99.5,0.0
99.60000000000001,0.0
99.7,0.0
99.80000000000001,0.0
99.9,0.0
100.0,0.0
100.10000000000001,0.0
100.2,0.0
100.30000000000001,0.0
100.4,0.0
100.5,0.0
100.60000000000001,0.0
100.7,0.0
100.80000000000001,0.0
100.9,0.0
101.0,0.0
101.10000000000001,0.0
101.2,0.0
101.30000000000001,0.0
101.4,0.0
101.5,0.0
101.60000000000001,0.0
101.7,0.0
101.80000000000001,0.0
101.9,0.0
102.0,0.0
102.10000000000001,0.0
102.2,0.0
102.30000000000001,0.0
102.4,0.0
102.5,0.0
102.60000000000001,0.0
102.7,0.0
102.80000000000001,0.0
102.9,0.0
103.0,0.0
103.10000000000001,0.0
103.2,0.0
103.30000000000001,0.0
103.4,0.0
103.5,0.0
103.60000000000001,0.0
103.7,0.0
103.80000000000001,0.0
103.9,0.0
104.0,0.0
104.10000000000001,0.0
104.2,0.0
104.30000000000001,0.0
104.4,0.0
104.5,0.0
104.60000000000001,0.0
104.7,0.0
104.80000000000001,0.0
104.9,0.0
105.0,0.0
105.10000000000001,0.0
105.2,0.0
105.30000000000001,0.0
105.4,0.0
105.5,0.0
105.60000000000001,0.0
105.7,0.0
105.80000000000001,0.0
105.9,0.0
106.0,0.0
106.10000000000001,0.0
106.2,0.0
106.30000000000001,0.0
106.4,0.0
106.5,0.0
106.60000000000001,0.0
106.7,0.0
106.80000000000001,0.0
106.9,0.0
107.0,0.0
107.10000000000001,0.0
107.2,0.0
107.30000000000001,0.0
107.4,0.0
107.5,0.0
107.60000000000001,0.0
107.7,0.0
107.80000000000001,0.0
107.9,0.0
108.0,0.0
108.10000000000001,0.0
108.2,0.0
108.30000000000001,0.0
108.4,0.0
108.5,0.0
108.60000000000001,0.0
108.7,0.0
108.80000000000001,0.0
108.9,0.0
109.0,0.0
109.10000000000001,0.0
109.2,0.0
109.30000000000001,0.0
109.4,0.0
109.5,0.0
109.60000000000001,0.0
109.7,0.0
109.80000000000001,0.0
109.9,0.0
110.0,0.0
110.10000000000001,0.0
110.2,0.0
110.30000000000001,0.0
110.4,0.0
110.5,0.0
110.60000000000001,0.0
110.7,0.0
110.80000000000001,0.0
110.9,0.0
111.0,0.0
111.10000000000001,0.0
111.2,0.0
111.30000000000001,0.0
111.4,0.0
111.5,0.0
111.60000000000001,0.0
111.7,0.0
111.80000000000001,0.0
111.9,0.0
112.0,0.0
112.10000000000001,0.0
112.2,0.0
112.30000000000001,0.0
112.4,0.0
112.5,0.0
112.60000000000001,0.0
112.7,0.0
112.80000000000001,0.0
112.9,0.0
113.0,0.0
113.10000000000001,0.0
113.2,0.0
113.30000000000001,0.0
113.4,0.0
113.5,0.0
113.60000000000001,0.0
113.7,0.0
113.80000000000001,0.0
113.9,0.0
114.0,0.0
114.10000000000001,0.0
114.2,0.0
114.30000000000001,0.0
114.4,0.0
114.5,0.0
114.60000000000001,0.0
114.7,0.0
114.80000000000001,0.0
114.9,0.0
115.0,0.0
115.10000000000001,0.0
115.2,0.0
115.30000000000001,0.0
115.4,0.0
115.5,0.0
115.60000000000001,0.0
115.7,0.0
115.80000000000001,0.0
115.9,0.0
116.0,0.0
116.10000000000001,0.0
116.2,0.0
116.30000000000001,0.0
116.4,0.0
116.5,0.0
116.60000000000001,0.0
116.7,0.0
116.80000000000001,0.0
116.9,0.0
117.0,0.0
117.10000000000001,0.0
117.2,0.0
117.30000000000001,0.0
117.4,0.0
117.5,0.0
117.60000000000001,0.0
117.7,0.0
117.80000000000001,0.0
117.9,0.0
118.0,0.0
118.10000000000001,0.0
118.2,0.0
118.30000000000001,0.0
118.4,0.0
118.5,0.0
118.60000000000001,0.0
118.7,0.0
118.80000000000001,0.0
118.9,0.0
119.0,0.0
119.10000000000001,0.0
119.2,0.0
119.30000000000001,0.0
119.4,0.0
119.5,0.0
119.60000000000001,0.0
119.7,0.0
119.80000000000001,0.0
119.9,0.0
120.0,0.0
120.10000000000001,0.0
120.2,0.0
120.30000000000001,0.0
120.4,0.0
120.5,0.0
120.60000000000001,0.0
120.7,0.0
120.80000000000001,0.0
120.9,0.0
121.0,0.0
121.10000000000001,0.0
121.2,0.0
121.30000000000001,0.0
121.4,0.0
121.5,0.0
121.60000000000001,0.0
121.7,0.0
121.80000000000001,0.0
121.9,0.0
122.0,0.0
122.10000000000001,0.0
122.2,0.0
122.30000000000001,0.0
122.4,0.0
122.5,0.0
122.60000000000001,0.0
122.7,0.0
122.80000000000001,0.0
122.9,0.0
123.0,0.0
123.10000000000001,0.0
123.2,0.0
123.30000000000001,0.0
123.4,0.0
123.5,0.0
123.60000000000001,0.0
123.7,0.0
123.80000000000001,0.0
123.9,0.0
124.0,0.0
124.10000000000001,0.0
124.2,0.0
124.30000000000001,0.0
124.4,0.0
124.5,0.0
124.60000000000001,0.0
124.7,0.0
124.80000000000001,0.0
124.9,0.0
125.0,0.0
125.10000000000001,0.0
125.2,0.0
125.30000000000001,0.0
125.4,0.0
125.5,0.0
125.60000000000001,0.0
125.7,0.0
125.80000000000001,0.0
125.9,0.0
126.0,0.0
126.10000000000001,0.0
126.2,0.0
126.30000000000001,0.0
126.4,0.0
126.5,0.0
126.60000000000001,0.0
126.7,0.0
126.80000000000001,0.0
126.9,0.0
127.0,0.0
127.10000000000001,0.0
127.2,0.0
127.30000000000001,0.0
127.4,0.0
127.5,0.0
127.60000000000001,0.0
127.7,0.0
127.80000000000001,0.0
127.9,0.0
128.0,0.0
128.1,0.0
128.20000000000002,0.0
128.3,0.0
128.4,0.0
128.5,0.0
128.6,0.0
128.70000000000002,0.0
128.8,0.0
128.9,0.0
129.0,0.0
129.1,0.0
129.20000000000002,0.0
129.3,0.0
129.4,0.0
129.5,0.0
129.6,0.0
129.70000000000002,0.0
129.8,0.0
129.9,0.0
130.0,0.0
130.1,0.0
130.20000000000002,0.0
130.3,0.0
130.4,0.0
130.5,0.0
130.6,0.0
130.70000000000002,0.0
130.8,0.0
130.9,0.0
131.0,0.0
131.1,0.0
131.20000000000002,0.0
131.3,0.0
131.4,0.0
131.5,0.0
131.6,0.0
131.70000000000002,0.0
131.8,0.0
131.9,0.0
132.0,0.0
132.1,0.0
132.20000000000002,0.0
132.3,0.0
132.4,0.0
132.5,0.0
132.6,0.0
132.70000000000002,0.0
132.8,0.0
132.9,0.0
133.0,0.0
133.1,0.0
133.20000000000002,0.0
133.3,0.0
133.4,0.0
133.5,0.0
133.6,0.0
133.70000000000002,0.0
133.8,0.0
133.9,0.0
134.0,0.0
134.1,0.0
134.20000000000002,0.0
134.3,0.0
134.4,0.0
134.5,0.0
134.6,0.0
134.70000000000002,0.0
134.8,0.0
134.9,0.0
135.0,0.0
135.1,0.0
135.20000000000002,0.0
135.3,0.0
135.4,0.0
135.5,0.0
135.6,0.0
135.70000000000002,0.0
135.8,0.0
135.9,0.0
136.0,0.0
136.1,0.0
136.20000000000002,0.0
136.3,0.0
136.4,0.0
136.5,0.0
136.6,0.0
136.70000000000002,0.0
136.8,0.0
136.9,0.0
137.0,0.0
137.1,0.0
137.20000000000002,0.0
137.3,0.0
137.4,0.0
137.5,0.0
137.6,0.0
137.70000000000002,0.0
137.8,0.0
137.9,0.0
138.0,0.0
138.1,0.0
138.20000000000002,0.0
138.3,0.0
138.4,0.0
138.5,0.0
138.6,0.0
138.70000000000002,0.0
138.8,0.0
138.9,0.0
139.0,0.0
139.1,0.0
139.20000000000002,0.0
139.3,0.0
139.4,0.0
139.5,0.0
139.6,0.0
139.70000000000002,0.0
139.8,0.0
139.9,0.0
140.0,0.0
140.1,0.0
140.20000000000002,0.0
140.3,0.0
140.4,0.0
140.5,0.0
140.6,0.0
140.70000000000002,0.0
140.8,0.0
140.9,0.0
141.0,0.0
141.1,0.0
141.20000000000002,0.0
141.3,0.0
141.4,0.0
141.5,0.0
141.6,0.0
141.70000000000002,0.0
141.8,0.0
141.9,0.0
142.0,0.0
142.1,0.0
142.20000000000002,0.0
142.3,0.0
142.4,0.0
142.5,0.0
142.6,0.0
142.70000000000002,0.0
142.8,0.0
142.9,0.0
143.0,0.0
143.1,0.0
143.20000000000002,0.0
143.3,0.0
143.4,0.0
143.5,0.0
143.6,0.0
143.70000000000002,0.0
143.8,0.0
143.9,0.0
144.0,0.0
144.1,0.0
144.20000000000002,0.0
144.3,0.0
144.4,0.0
144.5,0.0
144.6,0.0
144.70000000000002,0.0
144.8,0.0
144.9,0.0
145.0,0.0
145.1,0.0
145.20000000000002,0.0
145.3,0.0
145.4,0.0
145.5,0.0
145.6,0.0
145.70000000000002,0.0
145.8,0.0
145.9,0.0
146.0,0.0
146.1,0.0
146.20000000000002,0.0
146.3,0.0
146.4,0.0
146.5,0.0
146.6,0.0
146.70000000000002,0.0
146.8,0.0
146.9,0.0
147.0,0.0
147.1,0.0
147.20000000000002,0.0
147.3,0.0
147.4,0.0
147.5,0.0
147.6,0.0
147.70000000000002,0.0
147.8,0.0
147.9,0.0
148.0,0.0
148.1,0.0
148.20000000000002,0.0
148.3,0.0
148.4,0.0
148.5,0.0
148.6,0.0
148.70000000000002,0.0
148.8,0.0
148.9,0.0
149.0,0.0
149.1,0.0
149.20000000000002,0.0
149.3,0.0
149.4,0.0
149.5,0.0
149.6,0.0
149.70000000000002,0.0
149.8,0.0
149.9,0.0
150.0,0.0
150.1,0.0
150.20000000000002,0.0
150.3,0.0
150.4,0.0
150.5,0.0
150.6,0.0
150.70000000000002,0.0
150.8,0.0
150.9,0.0
151.0,0.0
151.1,0.0
151.20000000000002,0.0
151.3,0.0
151.4,0.0
151.5,0.0
151.6,0.0
151.70000000000002,0.0
151.8,0.0
151.9,0.0
152.0,0.0
152.1,0.0
152.20000000000002,0.0
152.3,0.0
152.4,0.0
152.5,0.0
152.6,0.0
152.70000000000002,0.0
152.8,0.0
152.9,0.0
153.0,0.0
153.1,0.0
153.20000000000002,0.0
153.3,0.0
153.4,0.0
153.5,0.0
153.60000000000002,0.0
153.70000000000002,0.0
153.8,0.0
153.9,0.0
154.0,0.0
154.10000000000002,0.0
154.20000000000002,0.0
154.3,0.0
154.4,0.0
154.5,0.0
154.60000000000002,0.0
154.70000000000002,0.0
154.8,0.0
154.9,0.0
155.0,0.0
155.10000000000002,0.0
155.20000000000002,0.0
155.3,0.0
155.4,0.0
155.5,0.0
155.60000000000002,0.0
155.70000000000002,0.0
155.8,0.0
155.9,0.0
156.0,0.0
156.10000000000002,0.0
156.20000000000002,0.0
156.3,0.0
156.4,0.0
156.5,0.0
156.60000000000002,0.0
156.70000000000002,0.0
156.8,0.0
156.9,0.0
157.0,0.0
157.10000000000002,0.0
157.20000000000002,0.0
157.3,0.0
157.4,0.0
157.5,0.0
157.60000000000002,0.0
157.70000000000002,0.0
157.8,0.0
157.9,0.0
158.0,0.0
158.10000000000002,0.0
158.20000000000002,0.0
158.3,0.0
158.4,0.0
158.5,0.0
158.60000000000002,0.0
158.70000000000002,0.0
158.8,0.0
158.9,0.0
159.0,0.0
159.10000000000002,0.0
159.20000000000002,0.0
159.3,0.0
159.4,0.0
159.5,0.0
159.60000000000002,0.0
159.70000000000002,0.0
159.8,0.0
159.9,0.0
160.0,0.0
160.10000000000002,0.0
160.20000000000002,0.0
160.3,0.0
160.4,0.0
160.5,0.0
160.60000000000002,0.0
160.70000000000002,0.0
160.8,0.0
160.9,0.0
161.0,0.0
161.10000000000002,0.0
161.20000000000002,0.0
161.3,0.0
161.4,0.0
161.5,0.0
161.60000000000002,0.0
161.70000000000002,0.0
161.8,0.0
161.9,0.0
162.0,0.0
162.10000000000002,0.0
162.20000000000002,0.0
162.3,0.0
162.4,0.0
162.5,0.0
162.60000000000002,0.0
162.70000000000002,0.0
162.8,0.0
162.9,0.0
163.0,0.0
163.10000000000002,0.0
163.20000000000002,0.0
163.3,0.0
163.4,0.0
163.5,0.0
163.60000000000002,0.0
163.70000000000002,0.0
163.8,0.0
163.9,0.0
164.0,0.0
164.10000000000002,0.0
164.20000000000002,0.0
164.3,0.0
164.4,0.0
164.5,0.0
164.60000000000002,0.0
164.70000000000002,0.0
164.8,0.0
164.9,0.0
165.0,0.0
165.10000000000002,0.0
165.20000000000002,0.0
165.3,0.0
165.4,0.0
165.5,0.0
165.60000000000002,0.0
165.70000000000002,0.0
165.8,0.0
165.9,0.0
166.0,0.0
166.10000000000002,0.0
166.20000000000002,0.0
166.3,0.0
166.4,0.0
166.5,0.0
166.60000000000002,0.0
166.70000000000002,0.0
166.8,0.0
166.9,0.0
167.0,0.0
167.10000000000002,0.0
167.20000000000002,0.0
167.3,0.0
167.4,0.0
167.5,0.0
167.60000000000002,0.0
167.70000000000002,0.0
167.8,0.0
167.9,0.0
168.0,0.0
168.10000000000002,0.0
168.20000000000002,0.0
168.3,0.0
168.4,0.0
168.5,0.0
168.60000000000002,0.0
168.70000000000002,0.0
168.8,0.0
168.9,0.0
169.0,0.0
169.10000000000002,0.0
169.20000000000002,0.0
169.3,0.0
169.4,0.0
169.5,0.0
169.60000000000002,0.0
169.70000000000002,0.0
169.8,0.0
169.9,0.0
170.0,0.0
170.10000000000002,0.0
170.20000000000002,0.0
170.3,0.0
170.4,0.0
170.5,0.0
170.60000000000002,0.0
170.70000000000002,0.0
170.8,0.0
170.9,0.0
171.0,0.0
171.10000000000002,0.0
171.20000000000002,0.0
171.3,0.0
171.4,0.0
171.5,0.0
171.60000000000002,0.0
171.70000000000002,0.0
171.8,0.0
171.9,0.0
172.0,0.0
172.10000000000002,0.0
172.20000000000002,0.0
172.3,0.0
172.4,0.0
172.5,0.0
172.60000000000002,0.0
172.70000000000002,0.0
172.8,0.0
172.9,0.0
173.0,0.0
173.10000000000002,0.0
173.20000000000002,0.0
173.3,0.0
173.4,0.0
173.5,0.0
173.60000000000002,0.0
173.70000000000002,0.0
173.8,0.0
173.9,0.0
174.0,0.0
174.10000000000002,0.0
174.20000000000002,0.0
174.3,0.0
174.4,0.0
174.5,0.0
174.60000000000002,0.0
174.70000000000002,0.0
174.8,0.0
174.9,0.0
175.0,0.0
175.10000000000002,0.0
175.20000000000002,0.0
175.3,0.0
175.4,0.0
175.5,0.0
175.60000000000002,0.0
175.70000000000002,0.0
175.8,0.0
175.9,0.0
176.0,0.0
176.10000000000002,0.0
176.20000000000002,0.0
176.3,0.0
176.4,0.0
176.5,0.0
176.60000000000002,0.0
176.70000000000002,0.0
176.8,0.0
176.9,0.0
177.0,0.0
177.10000000000002,0.0
177.20000000000002,0.0
177.3,0.0
177.4,0.0
177.5,0.0
177.60000000000002,0.0
177.70000000000002,0.0
177.8,0.0
177.9,0.0
178.0,0.0
178.10000000000002,0.0
178.20000000000002,0.0
178.3,0.0
178.4,0.0
178.5,0.0
178.60000000000002,0.0
178.70000000000002,0.0
178.8,0.0
178.9,0.0
179.0,0.0
179.10000000000002,0.0
179.20000000000002,0.0
179.3,0.0
179.4,0.0
179.5,0.0
179.60000000000002,0.0
179.70000000000002,0.0
179.8,0.0
179.9,0.0
180.0,0.0
180.10000000000002,0.0
180.20000000000002,0.0
180.3,0.0
180.4,0.0
180.5,0.0
180.60000000000002,0.0
180.70000000000002,0.0
180.8,0.0
180.9,0.0
181.0,0.0
181.10000000000002,0.0
181.20000000000002,0.0
181.3,0.0
181.4,0.0
181.5,0.0
181.60000000000002,0.0
181.70000000000002,0.0
181.8,0.0
181.9,0.0
182.0,0.0
182.10000000000002,0.0
182.20000000000002,0.0
182.3,0.0
182.4,0.0
182.5,0.0
182.60000000000002,0.0
182.70000000000002,0.0
182.8,0.0
182.9,0.0
183.0,0.0
183.10000000000002,0.0
183.20000000000002,0.0
183.3,0.0
183.4,0.0
183.5,0.0
183.60000000000002,0.0
183.70000000000002,0.0
183.8,0.0
183.9,0.0
184.0,0.0
184.10000000000002,0.0
184.20000000000002,0.0
184.3,0.0
184.4,0.0
184.5,0.0
184.60000000000002,0.0
184.70000000000002,0.0
184.8,0.0
184.9,0.0
185.0,0.0
185.10000000000002,0.0
185.20000000000002,0.0
185.3,0.0
185.4,0.0
185.5,0.0
185.60000000000002,0.0
185.70000000000002,0.0
185.8,0.0
185.9,0.0
186.0,0.0
186.10000000000002,0.0
186.20000000000002,0.0
186.3,0.0
186.4,0.0
186.5,0.0
186.60000000000002,0.0
186.70000000000002,0.0
186.8,0.0
186.9,0.0
187.0,0.0
187.10000000000002,0.0
187.20000000000002,0.0
187.3,0.0
187.4,0.0
187.5,0.0
187.60000000000002,0.0
187.70000000000002,0.0
187.8,0.0
187.9,0.0
188.0,0.0
188.10000000000002,0.0
188.20000000000002,0.0
188.3,0.0
188.4,0.0
188.5,0.0
188.60000000000002,0.0
188.70000000000002,0.0
188.8,0.0
188.9,0.0
189.0,0.0
189.10000000000002,0.0
189.20000000000002,0.0
189.3,0.0
189.4,0.0
189.5,0.0
189.60000000000002,0.0
189.70000000000002,0.0
189.8,0.0
189.9,0.0
190.0,0.0
190.10000000000002,0.0
190.20000000000002,0.0
190.3,0.0
190.4,0.0
190.5,0.0
190.60000000000002,0.0
190.70000000000002,0.0
190.8,0.0
190.9,0.0
191.0,0.0
191.10000000000002,0.0
191.20000000000002,0.0
191.3,0.0
191.4,0.0
191.5,0.0
191.60000000000002,0.0
191.70000000000002,0.0
191.8,0.0
191.9,0.0
192.0,0.0
192.10000000000002,0.0
192.20000000000002,0.0
192.3,0.0
192.4,0.0
192.5,0.0
192.60000000000002,0.0
192.70000000000002,0.0
192.8,0.0
192.9,0.0
193.0,0.0
193.10000000000002,0.0
193.20000000000002,0.0
193.3,0.0
193.4,0.0
193.5,0.0
193.60000000000002,0.0
193.70000000000002,0.0
193.8,0.0
193.9,0.0
194.0,0.0
194.10000000000002,0.0
194.20000000000002,0.0
194.3,0.0
194.4,0.0
194.5,0.0
194.60000000000002,0.0
194.70000000000002,0.0
194.8,0.0
194.9,0.0
195.0,0.0
195.10000000000002,0.0
195.20000000000002,0.0
195.3,0.0
195.4,0.0
195.5,0.0
195.60000000000002,0.0
195.70000000000002,0.0
195.8,0.0
195.9,0.0
196.0,0.0
196.10000000000002,0.0
196.20000000000002,0.0
196.3,0.0
196.4,0.0
196.5,0.0
196.60000000000002,0.0
196.70000000000002,0.0
196.8,0.0
196.9,0.0
197.0,0.0
197.10000000000002,0.0
197.20000000000002,0.0
197.3,0.0
197.4,0.0
197.5,0.0
197.60000000000002,0.0
197.70000000000002,0.0
197.8,0.0
197.9,0.0
198.0,0.0
198.10000000000002,0.0
198.20000000000002,0.0
198.3,0.0
198.4,0.0
198.5,0.0
198.60000000000002,0.0
198.70000000000002,0.0
198.8,0.0
198.9,0.0
199.0,0.0
199.10000000000002,0.0
199.20000000000002,0.0
199.3,0.0
199.4,0.0
199.5,0.0
199.60000000000002,0.0
199.70000000000002,0.0
199.8,0.0
199.9,0.0
200.0,0.0
200.10000000000002,0.0
200.20000000000002,0.0
200.3,0.0
200.4,0.0
200.5,0.0
200.60000000000002,0.0
200.70000000000002,0.0
200.8,0.0
200.9,0.0
201.0,0.0
201.10000000000002,0.0
201.20000000000002,0.0
201.3,0.0
201.4,0.0
201.5,0.0
201.60000000000002,0.0
201.70000000000002,0.0
201.8,0.0
201.9,0.0
202.0,0.0
202.10000000000002,0.0
202.20000000000002,0.0
202.3,0.0
202.4,0.0
202.5,0.0
202.60000000000002,0.0
202.70000000000002,0.0
202.8,0.0
202.9,0.0
203.0,0.0
203.10000000000002,0.0
203.20000000000002,0.0
203.3,0.0
203.4,0.0
203.5,0.0
203.60000000000002,0.0
203.70000000000002,0.0
203.8,0.0
203.9,0.0
204.0,0.0
204.10000000000002,0.0
204.20000000000002,0.0
204.3,0.0
204.4,0.0
204.5,0.0
204.60000000000002,0.0
204.70000000000002,0.0
204.8,0.0
204.9,0.0
205.0,0.0
205.10000000000002,0.0
205.20000000000002,0.0
205.3,0.0
205.4,0.0
205.5,0.0
205.60000000000002,0.0
205.70000000000002,0.0
205.8,0.0
205.9,0.0
206.0,0.0
206.10000000000002,0.0
206.20000000000002,0.0
206.3,0.0
206.4,0.0
206.5,0.0
206.60000000000002,0.0
206.70000000000002,0.0
206.8,0.0
206.9,0.0
207.0,0.0
207.10000000000002,0.0
207.20000000000002,0.0
207.3,0.0
207.4,0.0
207.5,0.0
207.60000000000002,0.0
207.70000000000002,0.0
207.8,0.0
207.9,0.0
208.0,0.0
208.10000000000002,0.0
208.20000000000002,0.0
208.3,0.0
208.4,0.0
208.5,0.0
208.60000000000002,0.0
208.70000000000002,0.0
208.8,0.0
208.9,0.0
209.0,0.0
209.10000000000002,0.0
209.20000000000002,0.0
209.3,0.0
209.4,0.0
209.5,0.0
209.60000000000002,0.0
209.70000000000002,0.0
209.8,0.0
209.9,0.0
210.0,0.0
210.10000000000002,0.0
210.20000000000002,0.0
210.3,0.0
210.4,0.0
210.5,0.0
210.60000000000002,0.0
210.70000000000002,0.0
210.8,0.0
210.9,0.0
211.0,0.0
211.10000000000002,0.0
211.20000000000002,0.0
211.3,0.0
211.4,0.0
211.5,0.0
211.60000000000002,0.0
211.70000000000002,0.0
211.8,0.0
211.9,0.0
212.0,0.0
212.10000000000002,0.0
212.20000000000002,0.0
212.3,0.0
212.4,0.0
212.5,0.0
212.60000000000002,0.0
212.70000000000002,0.0
212.8,0.0
212.9,0.0
213.0,0.0
213.10000000000002,0.0
213.20000000000002,0.0
213.3,0.0
213.4,0.0
213.5,0.0
213.60000000000002,0.0
213.70000000000002,0.0
213.8,0.0
213.9,0.0
214.0,0.0
214.10000000000002,0.0
214.20000000000002,0.0
214.3,0.0
214.4,0.0
214.5,0.0
214.60000000000002,0.0
214.70000000000002,0.0
214.8,0.0
214.9,0.0
215.0,0.0
215.10000000000002,0.0
215.20000000000002,0.0
215.3,0.0
215.4,0.0
215.5,0.0
215.60000000000002,0.0
215.70000000000002,0.0
215.8,0.0
215.9,0.0
216.0,0.0
216.10000000000002,0.0
216.20000000000002,0.0
216.3,0.0
216.4,0.0
216.5,0.0
216.60000000000002,0.0
216.70000000000002,0.0
216.8,0.0
216.9,0.0
217.0,0.0
217.10000000000002,0.0
217.20000000000002,0.0
217.3,0.0
217.4,0.0
217.5,0.0
217.60000000000002,0.0
217.70000000000002,0.0
217.8,0.0
217.9,0.0
218.0,0.0
218.10000000000002,0.0
218.20000000000002,0.0
218.3,0.0
218.4,0.0
218.5,0.0
218.60000000000002,0.0
218.70000000000002,0.0
218.8,0.0
218.9,0.0
219.0,0.0
219.10000000000002,0.0
219.20000000000002,0.0
219.3,0.0
219.4,0.0
219.5,0.0
219.60000000000002,0.0
219.70000000000002,0.0
219.8,0.0
219.9,0.0
220.0,0.0
220.10000000000002,0.0
220.20000000000002,0.0
220.3,0.0
220.4,0.0
220.5,0.0
220.60000000000002,0.0
220.70000000000002,0.0
220.8,0.0
220.9,0.0
221.0,0.0
221.10000000000002,0.0
221.20000000000002,0.0
221.3,0.0
221.4,0.0
221.5,0.0
221.60000000000002,0.0
221.70000000000002,0.0
221.8,0.0
221.9,0.0
222.0,0.0
222.10000000000002,0.0
222.20000000000002,0.0
222.3,0.0
222.4,0.0
222.5,0.0
222.60000000000002,0.0
222.70000000000002,0.0
222.8,0.0
222.9,0.0
223.0,0.0
223.10000000000002,0.0
223.20000000000002,0.0
223.3,0.0
223.4,0.0
223.5,0.0
223.60000000000002,0.0
223.70000000000002,0.0
223.8,0.0
223.9,0.0
224.0,0.0
224.10000000000002,0.0
224.20000000000002,0.0
224.3,0.0
224.4,0.0
224.5,0.0
224.60000000000002,0.0
224.70000000000002,0.0
224.8,0.0
224.9,0.0
225.0,0.0
225.10000000000002,0.0
225.20000000000002,0.0
225.3,0.0
225.4,0.0
225.5,0.0
225.60000000000002,0.0
225.70000000000002,0.0
225.8,0.0
225.9,0.0
226.0,0.0
226.10000000000002,0.0
226.20000000000002,0.0
226.3,0.0
226.4,0.0
226.5,0.0
226.60000000000002,0.0
226.70000000000002,0.0
226.8,0.0
226.9,0.0
227.0,0.0
227.10000000000002,0.0
227.20000000000002,0.0
227.3,0.0
227.4,0.0
227.5,0.0
227.60000000000002,0.0
227.70000000000002,0.0
227.8,0.0
227.9,0.0
228.0,0.0
228.10000000000002,0.0
228.20000000000002,0.0
228.3,0.0
228.4,0.0
228.5,0.0
228.60000000000002,0.0
228.70000000000002,0.0
228.8,0.0
228.9,0.0
229.0,0.0
229.10000000000002,0.0
229.20000000000002,0.0
229.3,0.0
229.4,0.0
229.5,0.0
229.60000000000002,0.0
229.70000000000002,0.0
229.8,0.0
229.9,0.0
230.0,0.0
230.10000000000002,0.0
230.20000000000002,0.0
230.3,0.0
230.4,0.0
230.5,0.0
230.60000000000002,0.0
230.70000000000002,0.0
230.8,0.0
230.9,0.0
231.0,0.0
231.10000000000002,0.0
231.20000000000002,0.0
231.3,0.0
231.4,0.0
231.5,0.0
231.60000000000002,0.0
231.70000000000002,0.0
231.8,0.0
231.9,0.0
232.0,0.0
232.10000000000002,0.0
232.20000000000002,0.0
232.3,0.0
232.4,0.0
232.5,0.0
232.60000000000002,0.0
232.70000000000002,0.0
232.8,0.0
232.9,0.0
233.0,0.0
233.10000000000002,0.0
233.20000000000002,0.0
233.3,0.0
233.4,0.0
233.5,0.0
233.60000000000002,0.0
233.70000000000002,0.0
233.8,0.0
233.9,0.0
234.0,0.0
234.10000000000002,0.0
234.20000000000002,0.0
234.3,0.0
234.4,0.0
234.5,0.0
234.60000000000002,0.0
234.70000000000002,0.0
234.8,0.0
234.9,0.0
235.0,0.0
235.10000000000002,0.0
235.20000000000002,0.0
235.3,0.0
235.4,0.0
235.5,0.0
235.60000000000002,0.0
235.70000000000002,0.0
235.8,0.0
235.9,0.0
236.0,0.0
236.10000000000002,0.0
236.20000000000002,0.0
236.3,0.0
236.4,0.0
236.5,0.0
236.60000000000002,0.0
236.70000000000002,0.0
236.8,0.0
236.9,0.0
237.0,0.0
237.10000000000002,0.0
237.20000000000002,0.0
237.3,0.0
237.4,0.0
237.5,0.0
237.60000000000002,0.0
237.70000000000002,0.0
237.8,0.0
237.9,0.0
238.0,0.0
238.10000000000002,0.0
238.20000000000002,0.0
238.3,0.0
238.4,0.0
238.5,0.0
238.60000000000002,0.0
238.70000000000002,0.0
238.8,0.0
238.9,0.0
239.0,0.0
239.10000000000002,0.0
239.20000000000002,0.0
239.3,0.0
239.4,0.0
239.5,0.0
239.60000000000002,0.0
239.70000000000002,0.0
239.8,0.0
239.9,0.0
240.0,0.0
240.10000000000002,0.0
240.20000000000002,0.0
240.3,0.0
240.4,0.0
240.5,0.0
240.60000000000002,0.0
240.70000000000002,0.0
240.8,0.0
240.9,0.0
241.0,0.0
241.10000000000002,0.0
241.20000000000002,0.0
241.3,0.0
241.4,0.0
241.5,0.0
241.60000000000002,0.0
241.70000000000002,0.0
241.8,0.0
241.9,0.0
242.0,0.0
242.10000000000002,0.0
242.20000000000002,0.0
242.3,0.0
242.4,0.0
242.5,0.0
242.60000000000002,0.0
242.70000000000002,0.0
242.8,0.0
242.9,0.0
243.0,0.0
243.10000000000002,0.0
243.20000000000002,0.0
243.3,0.0
243.4,0.0
243.5,0.0
243.60000000000002,0.0
243.70000000000002,0.0
243.8,0.0
243.9,0.0
244.0,0.0
244.10000000000002,0.0
244.20000000000002,0.0
244.3,0.0
244.4,0.0
244.5,0.0
244.60000000000002,0.0
244.70000000000002,0.0
244.8,0.0
244.9,0.0
245.0,0.0
245.10000000000002,0.0
245.20000000000002,0.0
245.3,0.0
245.4,0.0
245.5,0.0
245.60000000000002,0.0
245.70000000000002,0.0
245.8,0.0
245.9,0.0
246.0,0.0
246.10000000000002,0.0
246.20000000000002,0.0
246.3,0.0
246.4,0.0
246.5,0.0
246.60000000000002,0.0
246.70000000000002,0.0
246.8,0.0
246.9,0.0
247.0,0.0
247.10000000000002,0.0
247.20000000000002,0.0
247.3,0.0
247.4,0.0
247.5,0.0
247.60000000000002,0.0
247.70000000000002,0.0
247.8,0.0
247.9,0.0
248.0,0.0
248.10000000000002,0.0
248.20000000000002,0.0
248.3,0.0
248.4,0.0
248.5,0.0
248.60000000000002,0.0
248.70000000000002,0.0
248.8,0.0
248.9,0.0
249.0,0.0
249.10000000000002,0.0
249.20000000000002,0.0
249.3,0.0
249.4,0.0
249.5,0.0
249.60000000000002,0.0
249.70000000000002,0.0
249.8,0.0
249.9,0.0
250.0,0.0
250.10000000000002,0.0
250.20000000000002,0.0
250.3,0.0
250.4,0.0
250.5,0.0
250.60000000000002,0.0
250.70000000000002,0.0
250.8,0.0
250.9,0.0
251.0,0.0
251.10000000000002,0.0
251.20000000000002,0.0
251.3,0.0
251.4,0.0
251.5,0.0
251.60000000000002,0.0
251.70000000000002,0.0
251.8,0.0
251.9,0.0
252.0,0.0
252.10000000000002,0.0
252.20000000000002,0.0
252.3,0.0
252.4,0.0
252.5,0.0
252.60000000000002,0.0
252.70000000000002,0.0
252.8,0.0
252.9,0.0
253.0,0.0
253.10000000000002,0.0
253.20000000000002,0.0
253.3,0.0
253.4,0.0
253.5,0.0
253.60000000000002,0.0
253.70000000000002,0.0
253.8,0.0
253.9,0.0
254.0,0.0
254.10000000000002,0.0
254.20000000000002,0.0
254.3,0.0
254.4,0.0
254.5,0.0
254.60000000000002,0.0
254.70000000000002,0.0
254.8,0.0
254.9,0.0
255.0,0.0
255.10000000000002,0.0
255.20000000000002,0.0
255.3,0.0
255.4,0.0
255.5,0.0
255.60000000000002,0.0
255.70000000000002,0.0
255.8,0.0
255.9,0.0
256.0,0.0
256.1,0.0
256.2,0.0
256.3,0.0
256.40000000000003,0.0
256.5,0.0
256.6,0.0
256.7,0.0
256.8,0.0
256.90000000000003,0.0
257.0,0.0
257.1,0.0
257.2,0.0
257.3,0.0
257.40000000000003,0.0
257.5,0.0
257.6,0.0
257.7,0.0
257.8,0.0
257.90000000000003,0.0
258.0,0.0
258.1,0.0
258.2,0.0
258.3,0.0
258.40000000000003,0.0
258.5,0.0
258.6,0.0
258.7,0.0
258.8,0.0
258.90000000000003,0.0
259.0,0.0
259.1,0.0
259.2,0.0
259.3,0.0
259.40000000000003,0.0
259.5,0.0
259.6,0.0
259.7,0.0
259.8,0.0
259.90000000000003,0.0
260.0,0.0
260.1,0.0
260.2,0.0
260.3,0.0
260.40000000000003,0.0
260.5,0.0
260.6,0.0
260.7,0.0
260.8,0.0
260.90000000000003,0.0
261.0,0.0
261.1,0.0
261.2,0.0
261.3,0.0
261.40000000000003,0.0
261.5,0.0
261.6,0.0
261.7,0.0
261.8,0.0
261.90000000000003,0.0
262.0,0.0
262.1,0.0
262.2,0.0
262.3,0.0
262.40000000000003,0.0
262.5,0.0
262.6,0.0
262.7,0.0
262.8,0.0
262.90000000000003,0.0
263.0,0.0
263.1,0.0
263.2,0.0
263.3,0.0
263.40000000000003,0.0
263.5,0.0
263.6,0.0
263.7,0.0
263.8,0.0
263.90000000000003,0.0
264.0,0.0
264.1,0.0
264.2,0.0
264.3,0.0
264.40000000000003,0.0
264.5,0.0
264.6,0.0
264.7,0.0
264.8,0.0
264.90000000000003,0.0
265.0,0.0
265.1,0.0
265.2,0.0
265.3,0.0
265.40000000000003,0.0
265.5,0.0
265.6,0.0
265.7,0.0
265.8,0.0
265.90000000000003,0.0
266.0,0.0
266.1,0.0
266.2,0.0
266.3,0.0
266.40000000000003,0.0
266.5,0.0
266.6,0.0
266.7,0.0
266.8,0.0
266.90000000000003,0.0
267.0,0.0
267.1,0.0
267.2,0.0
267.3,0.0
267.40000000000003,0.0
267.5,0.0
267.6,0.0
267.7,0.0
267.8,0.0
267.90000000000003,0.0
268.0,0.0
268.1,0.0
268.2,0.0
268.3,0.0
268.40000000000003,0.0
268.5,0.0
268.6,0.0
268.7,0.0
268.8,0.0
268.90000000000003,0.0
269.0,0.0
269.1,0.0
269.2,0.0
269.3,0.0
269.40000000000003,0.0
269.5,0.0
269.6,0.0
269.7,0.0
269.8,0.0
269.90000000000003,0.0
270.0,0.0
270.1,0.0
270.2,0.0
270.3,0.0
270.40000000000003,0.0
270.5,0.0
270.6,0.0
270.7,0.0
270.8,0.0
270.90000000000003,0.0
271.0,0.0
271.1,0.0
271.2,0.0
271.3,0.0
271.40000000000003,0.0
271.5,0.0
271.6,0.0
271.7,0.0
271.8,0.0
271.90000000000003,0.0
272.0,0.0
272.1,0.0
272.2,0.0
272.3,0.0
272.40000000000003,0.0
272.5,0.0
272.6,0.0
272.7,0.0
272.8,0.0
272.90000000000003,0.0
273.0,0.0
273.1,0.0
273.2,0.0
273.3,0.0
273.40000000000003,0.0
273.5,0.0
273.6,0.0
273.7,0.0
273.8,0.0
273.90000000000003,0.0
274.0,0.0
274.1,0.0
274.2,0.0
274.3,0.0
274.40000000000003,0.0
274.5,0.0
274.6,0.0
274.7,0.0
274.8,0.0
274.90000000000003,0.0
275.0,0.0
275.1,0.0
275.2,0.0
275.3,0.0
275.40000000000003,0.0
275.5,0.0
275.6,0.0
275.7,0.0
275.8,0.0
275.90000000000003,0.0
276.0,0.0
276.1,0.0
276.2,0.0
276.3,0.0
276.40000000000003,0.0
276.5,0.0
276.6,0.0
276.7,0.0
276.8,0.0
276.90000000000003,0.0
277.0,0.0
277.1,0.0
277.2,0.0
277.3,0.0
277.40000000000003,0.0
277.5,0.0
277.6,0.0
277.7,0.0
277.8,0.0
277.90000000000003,0.0
278.0,0.0
278.1,0.0
278.2,0.0
278.3,0.0
278.40000000000003,0.0
278.5,0.0
278.6,0.0
278.7,0.0
278.8,0.0
278.90000000000003,0.0
279.0,0.0
279.1,0.0
279.2,0.0
279.3,0.0
279.40000000000003,0.0
279.5,0.0
279.6,0.0
279.7,0.0
279.8,0.0
279.90000000000003,0.0
280.0,0.0
280.1,0.0
280.2,0.0
280.3,0.0
280.40000000000003,0.0
280.5,0.0
280.6,0.0
280.7,0.0
280.8,0.0
280.90000000000003,0.0
281.0,0.0
281.1,0.0
281.2,0.0
281.3,0.0
281.40000000000003,0.0
281.5,0.0
281.6,0.0
281.7,0.0
281.8,0.0
281.90000000000003,0.0
282.0,0.0
282.1,0.0
282.2,0.0
282.3,0.0
282.40000000000003,0.0
282.5,0.0
282.6,0.0
282.7,0.0
282.8,0.0
282.90000000000003,0.0
283.0,0.0
283.1,0.0
283.2,0.0
283.3,0.0
283.40000000000003,0.0
283.5,0.0
283.6,0.0
283.7,0.0
283.8,0.0
283.90000000000003,0.0
284.0,0.0
284.1,0.0
284.2,0.0
284.3,0.0
284.40000000000003,0.0
284.5,0.0
284.6,0.0
284.7,0.0
284.8,0.0
284.90000000000003,0.0
285.0,0.0
285.1,0.0
285.2,0.0
285.3,0.0
285.40000000000003,0.0
285.5,0.0
285.6,0.0
285.7,0.0
285.8,0.0
285.90000000000003,0.0
286.0,0.0
286.1,0.0
286.2,0.0
286.3,0.0
286.40000000000003,0.0
286.5,0.0
286.6,0.0
286.7,0.0
286.8,0.0
286.90000000000003,0.0
287.0,0.0
287.1,0.0
287.2,0.0
287.3,0.0
287.40000000000003,0.0
287.5,0.0
287.6,0.0
287.7,0.0
287.8,0.0
287.90000000000003,0.0
288.0,0.0
288.1,0.0
288.2,0.0
288.3,0.0
288.40000000000003,0.0
288.5,0.0
288.6,0.0
288.7,0.0
288.8,0.0
288.90000000000003,0.0
289.0,0.0
289.1,0.0
289.2,0.0
289.3,0.0
289.40000000000003,0.0
289.5,0.0
289.6,0.0
289.7,0.0
289.8,0.0
289.90000000000003,0.0
290.0,0.0
290.1,0.0
290.2,0.0
290.3,0.0
290.40000000000003,0.0
290.5,0.0
290.6,0.0
290.7,0.0
290.8,0.0
290.90000000000003,0.0
291.0,0.0
291.1,0.0
291.2,0.0
291.3,0.0
291.40000000000003,0.0
291.5,0.0
291.6,0.0
291.7,0.0
291.8,0.0
291.90000000000003,0.0
292.0,0.0
292.1,0.0
292.2,0.0
292.3,0.0
292.40000000000003,0.0
292.5,0.0
292.6,0.0
292.7,0.0
292.8,0.0
292.90000000000003,0.0
293.0,0.0
293.1,0.0
293.2,0.0
293.3,0.0
293.40000000000003,0.0
293.5,0.0
293.6,0.0
293.7,0.0
293.8,0.0
293.90000000000003,0.0
294.0,0.0
294.1,0.0
294.2,0.0
294.3,0.0
294.40000000000003,0.0
294.5,0.0
294.6,0.0
294.7,0.0
294.8,0.0
294.90000000000003,0.0
295.0,0.0
295.1,0.0
295.2,0.0
295.3,0.0
295.40000000000003,0.0
295.5,0.0
295.6,0.0
295.7,0.0
295.8,0.0
295.90000000000003,0.0
296.0,0.0
296.1,0.0
296.2,0.0
296.3,0.0
296.40000000000003,0.0
296.5,0.0
296.6,0.0
296.7,0.0
296.8,0.0
296.90000000000003,0.0
297.0,0.0
297.1,0.0
297.2,0.0
297.3,0.0
297.40000000000003,0.0
297.5,0.0
297.6,0.0
297.7,0.0
297.8,0.0
297.90000000000003,0.0
298.0,0.0
298.1,0.0
298.2,0.0
298.3,0.0
298.40000000000003,0.0
298.5,0.0
298.6,0.0
298.7,0.0
298.8,0.0
298.90000000000003,0.0
299.0,0.0
299.1,0.0
299.2,0.0
299.3,0.0
299.40000000000003,0.0
299.5,0.0
299.6,0.0
299.7,0.0
299.8,0.0
299.90000000000003,0.0
300.0,0.0
300.1,0.0
300.2,0.0
300.3,0.0
300.40000000000003,0.0
300.5,0.0
300.6,0.0
300.7,0.0
300.8,0.0
300.90000000000003,0.0
301.0,0.0
301.1,0.0
301.2,0.0
301.3,0.0
301.40000000000003,0.0
301.5,0.0
301.6,0.0
301.7,0.0
301.8,0.0
301.90000000000003,0.0
302.0,0.0
302.1,0.0
302.2,0.0
302.3,0.0
302.40000000000003,0.0
302.5,0.0
302.6,0.0
302.7,0.0
302.8,0.0
302.90000000000003,0.0
303.0,0.0
303.1,0.0
303.2,0.0
303.3,0.0
303.40000000000003,0.0
303.5,0.0
303.6,0.0
303.7,0.0
303.8,0.0
303.90000000000003,0.0
304.0,0.0
304.1,0.0
304.2,0.0
304.3,0.0
304.40000000000003,0.0
304.5,0.0
304.6,0.0
304.7,0.0
304.8,0.0
304.90000000000003,0.0
305.0,0.0
305.1,0.0
305.2,0.0
305.3,0.0
305.40000000000003,0.0
305.5,0.0
305.6,0.0
305.7,0.0
305.8,0.0
305.90000000000003,0.0
306.0,0.0
306.1,0.0
306.2,0.0
306.3,0.0
306.40000000000003,0.0
306.5,0.0
306.6,0.0
306.7,0.0
306.8,0.0
306.90000000000003,0.0
307.0,0.0
307.1,0.0
307.20000000000005,0.0
307.3,0.0
307.40000000000003,0.0
307.5,0.0
307.6,0.0
307.70000000000005,0.0
307.8,0.0
307.90000000000003,0.0
308.0,0.0
308.1,0.0
308.20000000000005,0.0
308.3,0.0
308.40000000000003,0.0
308.5,0.0
308.6,0.0
308.70000000000005,0.0
308.8,0.0
308.90000000000003,0.0
309.0,0.0
309.1,0.0
309.20000000000005,0.0
309.3,0.0
309.40000000000003,0.0
309.5,0.0
309.6,0.0
309.70000000000005,0.0
309.8,0.0
309.90000000000003,0.0
310.0,0.0
310.1,0.0
310.20000000000005,0.0
310.3,0.0
310.40000000000003,0.0
310.5,0.0
310.6,0.0
310.70000000000005,0.0
310.8,0.0
310.90000000000003,0.0
311.0,0.0
311.1,0.0
311.20000000000005,0.0
311.3,0.0
311.40000000000003,0.0
311.5,0.0
311.6,0.0
311.70000000000005,0.0
311.8,0.0
311.90000000000003,0.0
312.0,0.0
312.1,0.0
312.20000000000005,0.0
312.3,0.0
312.40000000000003,0.0
312.5,0.0
312.6,0.0
312.70000000000005,0.0
312.8,0.0
312.90000000000003,0.0
313.0,0.0
313.1,0.0
313.20000000000005,0.0
313.3,0.0
313.40000000000003,0.0
313.5,0.0
313.6,0.0
313.70000000000005,0.0
313.8,0.0
313.90000000000003,0.0
314.0,0.0
314.1,0.0
314.20000000000005,0.0
314.3,0.0
314.40000000000003,0.0
314.5,0.0
314.6,0.0
314.70000000000005,0.0
314.8,0.0
314.90000000000003,0.0
315.0,0.0
315.1,0.0
315.20000000000005,0.0
315.3,0.0
315.40000000000003,0.0
315.5,0.0
315.6,0.0
315.70000000000005,0.0
315.8,0.0
315.90000000000003,0.0
316.0,0.0
316.1,0.0
316.20000000000005,0.0
316.3,0.0
316.40000000000003,0.0
316.5,0.0
316.6,0.0
316.70000000000005,0.0
316.8,0.0
316.90000000000003,0.0
317.0,0.0
317.1,0.0
317.20000000000005,0.0
317.3,0.0
317.40000000000003,0.0
317.5,0.0
317.6,0.0
317.70000000000005,0.0
317.8,0.0
317.90000000000003,0.0
318.0,0.0
318.1,0.0
318.20000000000005,0.0
318.3,0.0
318.40000000000003,0.0
318.5,0.0
318.6,0.0
318.70000000000005,0.0
318.8,0.0
318.90000000000003,0.0
319.0,0.0
319.1,0.0
319.20000000000005,0.0
319.3,0.0
319.40000000000003,0.0
319.5,0.0
319.6,0.0
319.70000000000005,0.0
319.8,0.0
319.90000000000003,0.0
320.0,0.0
320.1,0.0
320.20000000000005,0.0
320.3,0.0
320.40000000000003,0.0
320.5,0.0
320.6,0.0
320.70000000000005,0.0
320.8,0.0
320.90000000000003,0.0
321.0,0.0
321.1,0.0
321.20000000000005,0.0
321.3,0.0
321.40000000000003,0.0
321.5,0.0
321.6,0.0
321.70000000000005,0.0
321.8,0.0
321.90000000000003,0.0
322.0,0.0
322.1,0.0
322.20000000000005,0.0
322.3,0.0
322.40000000000003,0.0
322.5,0.0
322.6,0.0
322.70000000000005,0.0
322.8,0.0
322.90000000000003,0.0
323.0,0.0
323.1,0.0
323.20000000000005,0.0
323.3,0.0
323.40000000000003,0.0
323.5,0.0
323.6,0.0
323.70000000000005,0.0
323.8,0.0
323.90000000000003,0.0
324.0,0.0
324.1,0.0
324.20000000000005,0.0
324.3,0.0
324.40000000000003,0.0
324.5,0.0
324.6,0.0
324.70000000000005,0.0
324.8,0.0
324.90000000000003,0.0
325.0,0.0
325.1,0.0
325.20000000000005,0.0
325.3,0.0
325.40000000000003,0.0
325.5,0.0
325.6,0.0
325.70000000000005,0.0
325.8,0.0
325.90000000000003,0.0
326.0,0.0
326.1,0.0
326.20000000000005,0.0
326.3,0.0
326.40000000000003,0.0
326.5,0.0
326.6,0.0
326.70000000000005,0.0
326.8,0.0
326.90000000000003,0.0
327.0,0.0
327.1,0.0
327.20000000000005,0.0
327.3,0.0
327.40000000000003,0.0
327.5,0.0
327.6,0.0
327.70000000000005,0.0
327.8,0.0
327.90000000000003,0.0
328.0,0.0
328.1,0.0
328.20000000000005,0.0
328.3,0.0
328.40000000000003,0.0
328.5,0.0
328.6,0.0
328.70000000000005,0.0
328.8,0.0
328.90000000000003,0.0
329.0,0.0
329.1,0.0
329.20000000000005,0.0
329.3,0.0
329.40000000000003,0.0
329.5,0.0
329.6,0.0
329.70000000000005,0.0
329.8,0.0
329.90000000000003,0.0
330.0,0.0
330.1,0.0
330.20000000000005,0.0
330.3,0.0
330.40000000000003,0.0
330.5,0.0
330.6,0.0
330.70000000000005,0.0
330.8,0.0
330.90000000000003,0.0
331.0,0.0
331.1,0.0
331.20000000000005,0.0
331.3,0.0
331.40000000000003,0.0
331.5,0.0
331.6,0.0
331.70000000000005,0.0
331.8,0.0
331.90000000000003,0.0
332.0,0.0
332.1,0.0
332.20000000000005,0.0
332.3,0.0
332.40000000000003,0.0
332.5,0.0
332.6,0.0
332.70000000000005,0.0
332.8,0.0
332.90000000000003,0.0
333.0,0.0
333.1,0.0
333.20000000000005,0.0
333.3,0.0
333.40000000000003,0.0
333.5,0.0
333.6,0.0
333.70000000000005,0.0
333.8,0.0
333.90000000000003,0.0
334.0,0.0
334.1,0.0
334.20000000000005,0.0
334.3,0.0
334.40000000000003,0.0
334.5,0.0
334.6,0.0
334.70000000000005,0.0
334.8,0.0
334.90000000000003,0.0
335.0,0.0
335.1,0.0
335.20000000000005,0.0
335.3,0.0
335.40000000000003,0.0
335.5,0.0
335.6,0.0
335.70000000000005,0.0
335.8,0.0
335.90000000000003,0.0
336.0,0.0
336.1,0.0
336.20000000000005,0.0
336.3,0.0
336.40000000000003,0.0
336.5,0.0
336.6,0.0
336.70000000000005,0.0
336.8,0.0
336.90000000000003,0.0
337.0,0.0
337.1,0.0
337.20000000000005,0.0
337.3,0.0
337.40000000000003,0.0
337.5,0.0
337.6,0.0
337.70000000000005,0.0
337.8,0.0
337.90000000000003,0.0
338.0,0.0
338.1,0.0
338.20000000000005,0.0
338.3,0.0
338.40000000000003,0.0
338.5,0.0
338.6,0.0
338.70000000000005,0.0
338.8,0.0
338.90000000000003,0.0
339.0,0.0
339.1,0.0
339.20000000000005,0.0
339.3,0.0
339.40000000000003,0.0
339.5,0.0
339.6,0.0
339.70000000000005,0.0
339.8,0.0
339.90000000000003,0.0
340.0,0.0
340.1,0.0
340.20000000000005,0.0
340.3,0.0
340.40000000000003,0.0
340.5,0.0
340.6,0.0
340.70000000000005,0.0
340.8,0.0
340.90000000000003,0.0
341.0,0.0
341.1,0.0
341.20000000000005,0.0
341.3,0.0
341.40000000000003,0.0
341.5,0.0
341.6,0.0
341.70000000000005,0.0
341.8,0.0
341.90000000000003,0.0
342.0,0.0
342.1,0.0
342.20000000000005,0.0
342.3,0.0
342.40000000000003,0.0
342.5,0.0
342.6,0.0
342.70000000000005,0.0
342.8,0.0
342.90000000000003,0.0
343.0,0.0
343.1,0.0
343.20000000000005,0.0
343.3,0.0
343.40000000000003,0.0
343.5,0.0
343.6,0.0
343.70000000000005,0.0
343.8,0.0
343.90000000000003,0.0
344.0,0.0
344.1,0.0
344.20000000000005,0.0
344.3,0.0
344.40000000000003,0.0
344.5,0.0
344.6,0.0
344.70000000000005,0.0
344.8,0.0
344.90000000000003,0.0
345.0,0.0
345.1,0.0
345.20000000000005,0.0
345.3,0.0
345.40000000000003,0.0
345.5,0.0
345.6,0.0
345.70000000000005,0.0
345.8,0.0
345.90000000000003,0.0
346.0,0.0
346.1,0.0
346.20000000000005,0.0
346.3,0.0
346.40000000000003,0.0
346.5,0.0
346.6,0.0
346.70000000000005,0.0
346.8,0.0
346.90000000000003,0.0
347.0,0.0
347.1,0.0
347.20000000000005,0.0
347.3,0.0
347.40000000000003,0.0
347.5,0.0
347.6,0.0
347.70000000000005,0.0
347.8,0.0
347.90000000000003,0.0
348.0,0.0
348.1,0.0
348.20000000000005,0.0
348.3,0.0
348.40000000000003,0.0
348.5,0.0
348.6,0.0
348.70000000000005,0.0
348.8,0.0
348.90000000000003,0.0
349.0,0.0
349.1,0.0
349.20000000000005,0.0
349.3,0.0
349.40000000000003,0.0
349.5,0.0
349.6,0.0
349.70000000000005,0.0
349.8,0.0
349.90000000000003,0.0
350.0,0.0
350.1,0.0
350.20000000000005,0.0
350.3,0.0
350.40000000000003,0.0
350.5,0.0
350.6,0.0
350.70000000000005,0.0
350.8,0.0
350.90000000000003,0.0
351.0,0.0
351.1,0.0
351.20000000000005,0.0
351.3,0.0
351.40000000000003,0.0
351.5,0.0
351.6,0.0
351.70000000000005,0.0
351.8,0.0
351.90000000000003,0.0
352.0,0.0
352.1,0.0
352.20000000000005,0.0
352.3,0.0
352.40000000000003,0.0
352.5,0.0
352.6,0.0
352.70000000000005,0.0
352.8,0.0
352.90000000000003,0.0
353.0,0.0
353.1,0.0
353.20000000000005,0.0
353.3,0.0
353.40000000000003,0.0
353.5,0.0
353.6,0.0
353.70000000000005,0.0
353.8,0.0
353.90000000000003,0.0
354.0,0.0
354.1,0.0
354.20000000000005,0.0
354.3,0.0
354.40000000000003,0.0
354.5,0.0
354.6,0.0
354.70000000000005,0.0
354.8,0.0
354.90000000000003,0.0
355.0,0.0
355.1,0.0
355.20000000000005,0.0
355.3,0.0
355.40000000000003,0.0
355.5,0.0
355.6,0.0
355.70000000000005,0.0
355.8,0.0
355.90000000000003,0.0
356.0,0.0
356.1,0.0
356.20000000000005,0.0
356.3,0.0
356.40000000000003,0.0
356.5,0.0
356.6,0.0
356.70000000000005,0.0
356.8,0.0
356.90000000000003,0.0
357.0,0.0
357.1,0.0
357.20000000000005,0.0
357.3,0.0
357.40000000000003,0.0
357.5,0.0
357.6,0.0
357.70000000000005,0.0
357.8,0.0
357.90000000000003,0.0
358.0,0.0
358.1,0.0
358.20000000000005,0.0
358.3,0.0
358.40000000000003,0.0
358.5,0.0
358.6,0.0
358.70000000000005,0.0
358.8,0.0
358.90000000000003,0.0
359.0,0.0
359.1,0.0
359.20000000000005,0.0
359.3,0.0
359.40000000000003,0.0
359.5,0.0
359.6,0.0
359.70000000000005,0.0
359.8,0.0
359.90000000000003,0.0
360.0,0.0
360.1,0.0
360.20000000000005,0.0
360.3,0.0
360.40000000000003,0.0
360.5,0.0
360.6,0.0
360.70000000000005,0.0
360.8,0.0
360.90000000000003,0.0
361.0,0.0
361.1,0.0
361.20000000000005,0.0
361.3,0.0
361.40000000000003,0.0
361.5,0.0
361.6,0.0
361.70000000000005,0.0
361.8,0.0
361.90000000000003,0.0
362.0,0.0
362.1,0.0
362.20000000000005,0.0
362.3,0.0
362.40000000000003,0.0
362.5,0.0
362.6,0.0
362.70000000000005,0.0
362.8,0.0
362.90000000000003,0.0
363.0,0.0
363.1,0.0
363.20000000000005,0.0
363.3,0.0
363.40000000000003,0.0
363.5,0.0
363.6,0.0
363.70000000000005,0.0
363.8,0.0
363.90000000000003,0.0
364.0,0.0
364.1,0.0
364.20000000000005,0.0
364.3,0.0
364.40000000000003,0.0
364.5,0.0
364.6,0.0
364.70000000000005,0.0
364.8,0.0
364.90000000000003,0.0
365.0,0.0
365.1,0.0
365.20000000000005,0.0
365.3,0.0
365.40000000000003,0.0
365.5,0.0
365.6,0.0
365.70000000000005,0.0
365.8,0.0
365.90000000000003,0.0
366.0,0.0
366.1,0.0
366.20000000000005,0.0
366.3,0.0
366.40000000000003,0.0
366.5,0.0
366.6,0.0
366.70000000000005,0.0
366.8,0.0
366.90000000000003,0.0
367.0,0.0
367.1,0.0
367.20000000000005,0.0
367.3,0.0
367.40000000000003,0.0
367.5,0.0
367.6,0.0
367.70000000000005,0.0
367.8,0.0
367.90000000000003,0.0
368.0,0.0
368.1,0.0
368.20000000000005,0.0
368.3,0.0
368.40000000000003,0.0
368.5,0.0
368.6,0.0
368.70000000000005,0.0
368.8,0.0
368.90000000000003,0.0
369.0,0.0
369.1,0.0
369.20000000000005,0.0
369.3,0.0
369.40000000000003,0.0
369.5,0.0
369.6,0.0
369.70000000000005,0.0
369.8,0.0
369.90000000000003,0.0
370.0,0.0
370.1,0.0
370.20000000000005,0.0
370.3,0.0
370.40000000000003,0.0
370.5,0.0
370.6,0.0
370.70000000000005,0.0
370.8,0.0
370.90000000000003,0.0
371.0,0.0
371.1,0.0
371.20000000000005,0.0
371.3,0.0
371.40000000000003,0.0
371.5,0.0
371.6,0.0
371.70000000000005,0.0
371.8,0.0
371.90000000000003,0.0
372.0,0.0
372.1,0.0
372.20000000000005,0.0
372.3,0.0
372.40000000000003,0.0
372.5,0.0
372.6,0.0
372.70000000000005,0.0
372.8,0.0
372.90000000000003,0.0
373.0,0.0
373.1,0.0
373.20000000000005,0.0
373.3,0.0
373.40000000000003,0.0
373.5,0.0
373.6,0.0
373.70000000000005,0.0
373.8,0.0
373.90000000000003,0.0
374.0,0.0
374.1,0.0
374.20000000000005,0.0
374.3,0.0
374.40000000000003,0.0
374.5,0.0
374.6,0.0
374.70000000000005,0.0
374.8,0.0
374.90000000000003,0.0
375.0,0.0
375.1,0.0
375.20000000000005,0.0
375.3,0.0
375.40000000000003,0.0
375.5,0.0
375.6,0.0
375.70000000000005,0.0
375.8,0.0
375.90000000000003,0.0
376.0,0.0
376.1,0.0
376.20000000000005,0.0
376.3,0.0
376.40000000000003,0.0
376.5,0.0
376.6,0.0
376.70000000000005,0.0
376.8,0.0
376.90000000000003,0.0
377.0,0.0
377.1,0.0
377.20000000000005,0.0
377.3,0.0
377.40000000000003,0.0
377.5,0.0
377.6,0.0
377.70000000000005,0.0
377.8,0.0
377.90000000000003,0.0
378.0,0.0
378.1,0.0
378.20000000000005,0.0
378.3,0.0
378.40000000000003,0.0
378.5,0.0
378.6,0.0
378.70000000000005,0.0
378.8,0.0
378.90000000000003,0.0
379.0,0.0
379.1,0.0
379.20000000000005,0.0
379.3,0.0
379.40000000000003,0.0
379.5,0.0
379.6,0.0
379.70000000000005,0.0
379.8,0.0
379.90000000000003,0.0
380.0,0.0
380.1,0.0
380.20000000000005,0.0
380.3,0.0
380.40000000000003,0.0
380.5,0.0
380.6,0.0
380.70000000000005,0.0
380.8,0.0
380.90000000000003,0.0
381.0,0.0
381.1,0.0
381.20000000000005,0.0
381.3,0.0
381.40000000000003,0.0
381.5,0.0
381.6,0.0
381.70000000000005,0.0
381.8,0.0
381.90000000000003,0.0
382.0,0.0
382.1,0.0
382.20000000000005,0.0
382.3,0.0
382.40000000000003,0.0
382.5,0.0
382.6,0.0
382.70000000000005,0.0
382.8,0.0
382.90000000000003,0.0
383.0,0.0
383.1,0.0
383.20000000000005,0.0
383.3,0.0
383.40000000000003,0.0
383.5,0.0
383.6,0.0
383.70000000000005,0.0
383.8,0.0
383.90000000000003,0.0
384.0,0.0
384.1,0.0
384.20000000000005,0.0
384.3,0.0
384.40000000000003,0.0
384.5,0.0
384.6,0.0
384.70000000000005,0.0
384.8,0.0
384.90000000000003,0.0
385.0,0.0
385.1,0.0
385.20000000000005,0.0
385.3,0.0
385.40000000000003,0.0
385.5,0.0
385.6,0.0
385.70000000000005,0.0
385.8,0.0
385.90000000000003,0.0
386.0,0.0
386.1,0.0
386.20000000000005,0.0
386.3,0.0
386.40000000000003,0.0
386.5,0.0
386.6,0.0
386.70000000000005,0.0
386.8,0.0
386.90000000000003,0.0
387.0,0.0
387.1,0.0
387.20000000000005,0.0
387.3,0.0
387.40000000000003,0.0
387.5,0.0
387.6,0.0
387.70000000000005,0.0
387.8,0.0
387.90000000000003,0.0
388.0,0.0
388.1,0.0
388.20000000000005,0.0
388.3,0.0
388.40000000000003,0.0
388.5,0.0
388.6,0.0
388.70000000000005,0.0
388.8,0.0
388.90000000000003,0.0
389.0,0.0
389.1,0.0
389.20000000000005,0.0
389.3,0.0
389.40000000000003,0.0
389.5,0.0
389.6,0.0
389.70000000000005,0.0
389.8,0.0
389.90000000000003,0.0
390.0,0.0
390.1,0.0
390.20000000000005,0.0
390.3,0.0
390.40000000000003,0.0
390.5,0.0
390.6,0.0
390.70000000000005,0.0
390.8,0.0
390.90000000000003,0.0
391.0,0.0
391.1,0.0
391.20000000000005,0.0
391.3,0.0
391.40000000000003,0.0
391.5,0.0
391.6,0.0
391.70000000000005,0.0
391.8,0.0
391.90000000000003,0.0
392.0,0.0
392.1,0.0
392.20000000000005,0.0
392.3,0.0
392.40000000000003,0.0
392.5,0.0
392.6,0.0
392.70000000000005,0.0
392.8,0.0
392.90000000000003,0.0
393.0,0.0
393.1,0.0
393.20000000000005,0.0
393.3,0.0
393.40000000000003,0.0
393.5,0.0
393.6,0.0
393.70000000000005,0.0
393.8,0.0
393.90000000000003,0.0
394.0,0.0
394.1,0.0
394.20000000000005,0.0
394.3,0.0
394.40000000000003,0.0
394.5,0.0
394.6,0.0
394.70000000000005,0.0
394.8,0.0
394.90000000000003,0.0
395.0,0.0
395.1,0.0
395.20000000000005,0.0
395.3,0.0
395.40000000000003,0.0
395.5,0.0
395.6,0.0
395.70000000000005,0.0
395.8,0.0
395.90000000000003,0.0
396.0,0.0
396.1,0.0
396.20000000000005,0.0
396.3,0.0
396.40000000000003,0.0
396.5,0.0
396.6,0.0
396.70000000000005,0.0
396.8,0.0
396.90000000000003,0.0
397.0,0.0
397.1,0.0
397.20000000000005,0.0
397.3,0.0
397.40000000000003,0.0
397.5,0.0
397.6,0.0
397.70000000000005,0.0
397.8,0.0
397.90000000000003,0.0
398.0,0.0
398.1,0.0
398.20000000000005,0.0
398.3,0.0
398.40000000000003,0.0
398.5,0.0
398.6,0.0
398.70000000000005,0.0
398.8,0.0
398.90000000000003,0.0
399.0,0.0
399.1,0.0
399.20000000000005,0.0
399.3,0.0
399.40000000000003,0.0
399.5,0.0
399.6,0.0
399.70000000000005,0.0
399.8,0.0
399.90000000000003,0.0
400.0,0.0
400.1,0.0
400.20000000000005,0.0
400.3,0.0
400.40000000000003,0.0
400.5,0.0
400.6,0.0
400.70000000000005,0.0
400.8,0.0
400.90000000000003,0.0
401.0,0.0
401.1,0.0
401.20000000000005,0.0
401.3,0.0
401.40000000000003,0.0
401.5,0.0
401.6,0.0
401.70000000000005,0.0
401.8,0.0
401.90000000000003,0.0
402.0,0.0
402.1,0.0
402.20000000000005,0.0
402.3,0.0
402.40000000000003,0.0
402.5,0.0
402.6,0.0
402.70000000000005,0.0
402.8,0.0
402.90000000000003,0.0
403.0,0.0
403.1,0.0
403.20000000000005,0.0
403.3,0.0
403.40000000000003,0.0
403.5,0.0
403.6,0.0
403.70000000000005,0.0
403.8,0.0
403.90000000000003,0.0
404.0,0.0
404.1,0.0
404.20000000000005,0.0
404.3,0.0
404.40000000000003,0.0
404.5,0.0
404.6,0.0
404.70000000000005,0.0
404.8,0.0
404.90000000000003,0.0
405.0,0.0
405.1,0.0
405.20000000000005,0.0
405.3,0.0
405.40000000000003,0.0
405.5,0.0
405.6,0.0
405.70000000000005,0.0
405.8,0.0
405.90000000000003,0.0
406.0,0.0
406.1,0.0
406.20000000000005,0.0
406.3,0.0
406.40000000000003,0.0
406.5,0.0
406.6,0.0
406.70000000000005,0.0
406.8,0.0
406.90000000000003,0.0
407.0,0.0
407.1,0.0
407.20000000000005,0.0
407.3,0.0
407.40000000000003,0.0
407.5,0.0
407.6,0.0
407.70000000000005,0.0
407.8,0.0
407.90000000000003,0.0
408.0,0.0
408.1,0.0
408.20000000000005,0.0
408.3,0.0
408.40000000000003,0.0
408.5,0.0
408.6,0.0
408.70000000000005,0.0
408.8,0.0
408.90000000000003,0.0
409.0,0.0
409.1,0.0
409.20000000000005,0.0
409.3,0.0
409.40000000000003,0.0
409.5,0.0
409.6,0.0
409.70000000000005,0.0
409.8,0.0
409.90000000000003,0.0
410.0,0.0
410.1,0.0
410.20000000000005,0.0
410.3,0.0
410.40000000000003,0.0
410.5,0.0
410.6,0.0
410.70000000000005,0.0
410.8,0.0
410.90000000000003,0.0
411.0,0.0
411.1,0.0
411.20000000000005,0.0
411.3,0.0
411.40000000000003,0.0
411.5,0.0
411.6,0.0
411.70000000000005,0.0
411.8,0.0
411.90000000000003,0.0
412.0,0.0
412.1,0.0
412.20000000000005,0.0
412.3,0.0
412.40000000000003,0.0
412.5,0.0
412.6,0.0
412.70000000000005,0.0
412.8,0.0
412.90000000000003,0.0
413.0,0.0
413.1,0.0
413.20000000000005,0.0
413.3,0.0
413.40000000000003,0.0
413.5,0.0
413.6,0.0
413.70000000000005,0.0
413.8,0.0
413.90000000000003,0.0
414.0,0.0
414.1,0.0
414.20000000000005,0.0
414.3,0.0
414.40000000000003,0.0
414.5,0.0
414.6,0.0
414.70000000000005,0.0
414.8,0.0
414.90000000000003,0.0
415.0,0.0
415.1,0.0
415.20000000000005,0.0
415.3,0.0
415.40000000000003,0.0
415.5,0.0
415.6,0.0
415.70000000000005,0.0
415.8,0.0
415.90000000000003,0.0
416.0,0.0
416.1,0.0
416.20000000000005,0.0
416.3,0.0
416.40000000000003,0.0
416.5,0.0
416.6,0.0
416.70000000000005,0.0
416.8,0.0
416.90000000000003,0.0
417.0,0.0
417.1,0.0
417.20000000000005,0.0
417.3,0.0
417.40000000000003,0.0
417.5,0.0
417.6,0.0
417.70000000000005,0.0
417.8,0.0
417.90000000000003,0.0
418.0,0.0
418.1,0.0
418.20000000000005,0.0
418.3,0.0
418.40000000000003,0.0
418.5,0.0
418.6,0.0
418.70000000000005,0.0
418.8,0.0
418.90000000000003,0.0
419.0,0.0
419.1,0.0
419.20000000000005,0.0
419.3,0.0
419.40000000000003,0.0
419.5,0.0
419.6,0.0
419.70000000000005,0.0
419.8,0.0
419.90000000000003,0.0
420.0,0.0
420.1,0.0
420.20000000000005,0.0
420.3,0.0
420.40000000000003,0.0
420.5,0.0
420.6,0.0
420.70000000000005,0.0
420.8,0.0
420.90000000000003,0.0
421.0,0.0
421.1,0.0
421.20000000000005,0.0
421.3,0.0
421.40000000000003,0.0
421.5,0.0
421.6,0.0
421.70000000000005,0.0
421.8,0.0
421.90000000000003,0.0
422.0,0.0
422.1,0.0
422.20000000000005,0.0
422.3,0.0
422.40000000000003,0.0
422.5,0.0
422.6,0.0
422.70000000000005,0.0
422.8,0.0
422.90000000000003,0.0
423.0,0.0
423.1,0.0
423.20000000000005,0.0
423.3,0.0
423.40000000000003,0.0
423.5,0.0
423.6,0.0
423.70000000000005,0.0
423.8,0.0
423.90000000000003,0.0
424.0,0.0
424.1,0.0
424.20000000000005,0.0
424.3,0.0
424.40000000000003,0.0
424.5,0.0
424.6,0.0
424.70000000000005,0.0
424.8,0.0
424.90000000000003,0.0
425.0,0.0
425.1,0.0
425.20000000000005,0.0
425.3,0.0
425.40000000000003,0.0
425.5,0.0
425.6,0.0
425.70000000000005,0.0
425.8,0.0
425.90000000000003,0.0
426.0,0.0
426.1,0.0
426.20000000000005,0.0
426.3,0.0
426.40000000000003,0.0
426.5,0.0
426.6,0.0
426.70000000000005,0.0
426.8,0.0
426.90000000000003,0.0
427.0,0.0
427.1,0.0
427.20000000000005,0.0
427.3,0.0
427.40000000000003,0.0
427.5,0.0
427.6,0.0
427.70000000000005,0.0
427.8,0.0
427.90000000000003,0.0
428.0,0.0
428.1,0.0
428.20000000000005,0.0
428.3,0.0
428.40000000000003,0.0
428.5,0.0
428.6,0.0
428.70000000000005,0.0
428.8,0.0
428.90000000000003,0.0
429.0,0.0
429.1,0.0
429.20000000000005,0.0
429.3,0.0
429.40000000000003,0.0
429.5,0.0
429.6,0.0
429.70000000000005,0.0
429.8,0.0
429.90000000000003,0.0
430.0,0.0
430.1,0.0
430.20000000000005,0.0
430.3,0.0
430.40000000000003,0.0
430.5,0.0
430.6,0.0
430.70000000000005,0.0
430.8,0.0
430.90000000000003,0.0
431.0,0.0
431.1,0.0
431.20000000000005,0.0
431.3,0.0
431.40000000000003,0.0
431.5,0.0
431.6,0.0
431.70000000000005,0.0
431.8,0.0
431.90000000000003,0.0
432.0,0.0
432.1,0.0
432.20000000000005,0.0
432.3,0.0
432.40000000000003,0.0
432.5,0.0
432.6,0.0
432.70000000000005,0.0
432.8,0.0
432.90000000000003,0.0
433.0,0.0
433.1,0.0
433.20000000000005,0.0
433.3,0.0
433.40000000000003,0.0
433.5,0.0
433.6,0.0
433.70000000000005,0.0
433.8,0.0
433.90000000000003,0.0
434.0,0.0
434.1,0.0
434.20000000000005,0.0
434.3,0.0
434.40000000000003,0.0
434.5,0.0
434.6,0.0
434.70000000000005,0.0
434.8,0.0
434.90000000000003,0.0
435.0,0.0
435.1,0.0
435.20000000000005,0.0
435.3,0.0
435.40000000000003,0.0
435.5,0.0
435.6,0.0
435.70000000000005,0.0
435.8,0.0
435.90000000000003,0.0
436.0,0.0
436.1,0.0
436.20000000000005,0.0
436.3,0.0
436.40000000000003,0.0
436.5,0.0
436.6,0.0
436.70000000000005,0.0
436.8,0.0
436.90000000000003,0.0
437.0,0.0
437.1,0.0
437.20000000000005,0.0
437.3,0.0
437.40000000000003,0.0
437.5,0.0
437.6,0.0
437.70000000000005,0.0
437.8,0.0
437.90000000000003,0.0
438.0,0.0
438.1,0.0
438.20000000000005,0.0
438.3,0.0
438.40000000000003,0.0
438.5,0.0
438.6,0.0
438.70000000000005,0.0
438.8,0.0
438.90000000000003,0.0
439.0,0.0
439.1,0.0
439.20000000000005,0.0
439.3,0.0
439.40000000000003,0.0
439.5,0.0
439.6,0.0
439.70000000000005,0.0
439.8,0.0
439.90000000000003,0.0
440.0,0.0
440.1,0.0
440.20000000000005,0.0
440.3,0.0
440.40000000000003,0.0
440.5,0.0
440.6,0.0
440.70000000000005,0.0
440.8,0.0
440.90000000000003,0.0
441.0,0.0
441.1,0.0
441.20000000000005,0.0
441.3,0.0
441.40000000000003,0.0
441.5,0.0
441.6,0.0
441.70000000000005,0.0
441.8,0.0
441.90000000000003,0.0
442.0,0.0
442.1,0.0
442.20000000000005,0.0
442.3,0.0
442.40000000000003,0.0
442.5,0.0
442.6,0.0
442.70000000000005,0.0
442.8,0.0
442.90000000000003,0.0
443.0,0.0
443.1,0.0
443.20000000000005,0.0
443.3,0.0
443.40000000000003,0.0
443.5,0.0
443.6,0.0
443.70000000000005,0.0
443.8,0.0
443.90000000000003,0.0
444.0,0.0
444.1,0.0
444.20000000000005,0.0
444.3,0.0
444.40000000000003,0.0
444.5,0.0
444.6,0.0
444.70000000000005,0.0
444.8,0.0
444.90000000000003,0.0
445.0,0.0
445.1,0.0
445.20000000000005,0.0
445.3,0.0
445.40000000000003,0.0
445.5,0.0
445.6,0.0
445.70000000000005,0.0
445.8,0.0
445.90000000000003,0.0
446.0,0.0
446.1,0.0
446.20000000000005,0.0
446.3,0.0
446.40000000000003,0.0
446.5,0.0
446.6,0.0
446.70000000000005,0.0
446.8,0.0
446.90000000000003,0.0
447.0,0.0
447.1,0.0
447.20000000000005,0.0
447.3,0.0
447.40000000000003,0.0
447.5,0.0
447.6,0.0
447.70000000000005,0.0
447.8,0.0
447.90000000000003,0.0
448.0,0.0
448.1,0.0
448.20000000000005,0.0
448.3,0.0
448.40000000000003,0.0
448.5,0.0
448.6,0.0
448.70000000000005,0.0
448.8,0.0
448.90000000000003,0.0
449.0,0.0
449.1,0.0
449.20000000000005,0.0
449.3,0.0
449.40000000000003,0.0
449.5,0.0
449.6,0.0
449.70000000000005,0.0
449.8,0.0
449.90000000000003,0.0
450.0,0.0
450.1,0.0
450.20000000000005,0.0
450.3,0.0
450.40000000000003,0.0
450.5,0.0
450.6,0.0
450.70000000000005,0.0
450.8,0.0
450.90000000000003,0.0
451.0,0.0
451.1,0.0
451.20000000000005,0.0
451.3,0.0
451.40000000000003,0.0
451.5,0.0
451.6,0.0
451.70000000000005,0.0
451.8,0.0
451.90000000000003,0.0
452.0,0.0
452.1,0.0
452.20000000000005,0.0
452.3,0.0
452.40000000000003,0.0
452.5,0.0
452.6,0.0
452.70000000000005,0.0
452.8,0.0
452.90000000000003,0.0
453.0,0.0
453.1,0.0
453.20000000000005,0.0
453.3,0.0
453.40000000000003,0.0
453.5,0.0
453.6,0.0
453.70000000000005,0.0
453.8,0.0
453.90000000000003,0.0
454.0,0.0
454.1,0.0
454.20000000000005,0.0
454.3,0.0
454.40000000000003,0.0
454.5,0.0
454.6,0.0
454.70000000000005,0.0
454.8,0.0
454.90000000000003,0.0
455.0,0.0
455.1,0.0
455.20000000000005,0.0
455.3,0.0
455.40000000000003,0.0
455.5,0.0
455.6,0.0
455.70000000000005,0.0
455.8,0.0
455.90000000000003,0.0
456.0,0.0
456.1,0.0
456.20000000000005,0.0
456.3,0.0
456.40000000000003,0.0
456.5,0.0
456.6,0.0
456.70000000000005,0.0
456.8,0.0
456.90000000000003,0.0
457.0,0.0
457.1,0.0
457.20000000000005,0.0
457.3,0.0
457.40000000000003,0.0
457.5,0.0
457.6,0.0
457.70000000000005,0.0
457.8,0.0
457.90000000000003,0.0
458.0,0.0
458.1,0.0
458.20000000000005,0.0
458.3,0.0
458.40000000000003,0.0
458.5,0.0
458.6,0.0
458.70000000000005,0.0
458.8,0.0
458.90000000000003,0.0
459.0,0.0
459.1,0.0
459.20000000000005,0.0
459.3,0.0
459.40000000000003,0.0
459.5,0.0
459.6,0.0
459.70000000000005,0.0
459.8,0.0
459.90000000000003,0.0
460.0,0.0
460.1,0.0
460.20000000000005,0.0
460.3,0.0
460.40000000000003,0.0
460.5,0.0
460.6,0.0
460.70000000000005,0.0
460.8,0.0
460.90000000000003,0.0
461.0,0.0
461.1,0.0
461.20000000000005,0.0
461.3,0.0
461.40000000000003,0.0
461.5,0.0
461.6,0.0
461.70000000000005,0.0
461.8,0.0
461.90000000000003,0.0
462.0,0.0
462.1,0.0
462.20000000000005,0.0
462.3,0.0
462.40000000000003,0.0
462.5,0.0
462.6,0.0
462.70000000000005,0.0
462.8,0.0
462.90000000000003,0.0
463.0,0.0
463.1,0.0
463.20000000000005,0.0
463.3,0.0
463.40000000000003,0.0
463.5,0.0
463.6,0.0
463.70000000000005,0.0
463.8,0.0
463.90000000000003,0.0
464.0,0.0
464.1,0.0
464.20000000000005,0.0
464.3,0.0
464.40000000000003,0.0
464.5,0.0
464.6,0.0
464.70000000000005,0.0
464.8,0.0
464.90000000000003,0.0
465.0,0.0
465.1,0.0
465.20000000000005,0.0
465.3,0.0
465.40000000000003,0.0
465.5,0.0
465.6,0.0
465.70000000000005,0.0
465.8,0.0
465.90000000000003,0.0
466.0,0.0
466.1,0.0
466.20000000000005,0.0
466.3,0.0
466.40000000000003,0.0
466.5,0.0
466.6,0.0
466.70000000000005,0.0
466.8,0.0
466.90000000000003,0.0
467.0,0.0
467.1,0.0
467.20000000000005,0.0
467.3,0.0
467.40000000000003,0.0
467.5,0.0
467.6,0.0
467.70000000000005,0.0
467.8,0.0
467.90000000000003,0.0
468.0,0.0
468.1,0.0
468.20000000000005,0.0
468.3,0.0
468.40000000000003,0.0
468.5,0.0
468.6,0.0
468.70000000000005,0.0
468.8,0.0
468.90000000000003,0.0
469.0,0.0
469.1,0.0
469.20000000000005,0.0
469.3,0.0
469.40000000000003,0.0
469.5,0.0
469.6,0.0
469.70000000000005,0.0
469.8,0.0
469.90000000000003,0.0
470.0,0.0
470.1,0.0
470.20000000000005,0.0
470.3,0.0
470.40000000000003,0.0
470.5,0.0
470.6,0.0
470.70000000000005,0.0
470.8,0.0
470.90000000000003,0.0
471.0,0.0
471.1,0.0
471.20000000000005,0.0
471.3,0.0
471.40000000000003,0.0
471.5,0.0
471.6,0.0
471.70000000000005,0.0
471.8,0.0
471.90000000000003,0.0
472.0,0.0
472.1,0.0
472.20000000000005,0.0
472.3,0.0
472.40000000000003,0.0
472.5,0.0
472.6,0.0
472.70000000000005,0.0
472.8,0.0
472.90000000000003,0.0
473.0,0.0
473.1,0.0
473.20000000000005,0.0
473.3,0.0
473.40000000000003,0.0
473.5,0.0
473.6,0.0
473.70000000000005,0.0
473.8,0.0
473.90000000000003,0.0
474.0,0.0
474.1,0.0
474.20000000000005,0.0
474.3,0.0
474.40000000000003,0.0
474.5,0.0
474.6,0.0
474.70000000000005,0.0
474.8,0.0
474.90000000000003,0.0
475.0,0.0
475.1,0.0
475.20000000000005,0.0
475.3,0.0
475.40000000000003,0.0
475.5,0.0
475.6,0.0
475.70000000000005,0.0
475.8,0.0
475.90000000000003,0.0
476.0,0.0
476.1,0.0
476.20000000000005,0.0
476.3,0.0
476.40000000000003,0.0
476.5,0.0
476.6,0.0
476.70000000000005,0.0
476.8,0.0
476.90000000000003,0.0
477.0,0.0
477.1,0.0
477.20000000000005,0.0
477.3,0.0
477.40000000000003,0.0
477.5,0.0
477.6,0.0
477.70000000000005,0.0
477.8,0.0
477.90000000000003,0.0
478.0,0.0
478.1,0.0
478.20000000000005,0.0
478.3,0.0
478.40000000000003,0.0
478.5,0.0
478.6,0.0
478.70000000000005,0.0
478.8,0.0
478.90000000000003,0.0
479.0,0.0
479.1,0.0
479.20000000000005,0.0
479.3,0.0
479.40000000000003,0.0
479.5,0.0
479.6,0.0
479.70000000000005,0.0
479.8,0.0
479.90000000000003,0.0
480.0,0.0
480.1,0.0
480.20000000000005,0.0
480.3,0.0
480.40000000000003,0.0
480.5,0.0
480.6,0.0
480.70000000000005,0.0
480.8,0.0
480.90000000000003,0.0
481.0,0.0
481.1,0.0
481.20000000000005,0.0
481.3,0.0
481.40000000000003,0.0
481.5,0.0
481.6,0.0
481.70000000000005,0.0
481.8,0.0
481.90000000000003,0.0
482.0,0.0
482.1,0.0
482.20000000000005,0.0
482.3,0.0
482.40000000000003,0.0
482.5,0.0
482.6,0.0
482.70000000000005,0.0
482.8,0.0
482.90000000000003,0.0
483.0,0.0
483.1,0.0
483.20000000000005,0.0
483.3,0.0
483.40000000000003,0.0
483.5,0.0
483.6,0.0
483.70000000000005,0.0
483.8,0.0
483.90000000000003,0.0
484.0,0.0
484.1,0.0
484.20000000000005,0.0
484.3,0.0
484.40000000000003,0.0
484.5,0.0
484.6,0.0
484.70000000000005,0.0
484.8,0.0
484.90000000000003,0.0
485.0,0.0
485.1,0.0
485.20000000000005,0.0
485.3,0.0
485.40000000000003,0.0
485.5,0.0
485.6,0.0
485.70000000000005,0.0
485.8,0.0
485.90000000000003,0.0
486.0,0.0
486.1,0.0
486.20000000000005,0.0
486.3,0.0
486.40000000000003,0.0
486.5,0.0
486.6,0.0
486.70000000000005,0.0
486.8,0.0
486.90000000000003,0.0
487.0,0.0
487.1,0.0
487.20000000000005,0.0
487.3,0.0
487.40000000000003,0.0
487.5,0.0
487.6,0.0
487.70000000000005,0.0
487.8,0.0
487.90000000000003,0.0
488.0,0.0
488.1,0.0
488.20000000000005,0.0
488.3,0.0
488.40000000000003,0.0
488.5,0.0
488.6,0.0
488.70000000000005,0.0
488.8,0.0
488.90000000000003,0.0
489.0,0.0
489.1,0.0
489.20000000000005,0.0
489.3,0.0
489.40000000000003,0.0
489.5,0.0
489.6,0.0
489.70000000000005,0.0
489.8,0.0
489.90000000000003,0.0
490.0,0.0
490.1,0.0
490.20000000000005,0.0
490.3,0.0
490.40000000000003,0.0
490.5,0.0
490.6,0.0
490.70000000000005,0.0
490.8,0.0
490.90000000000003,0.0
491.0,0.0
491.1,0.0
491.20000000000005,0.0
491.3,0.0
491.40000000000003,0.0
491.5,0.0
491.6,0.0
491.70000000000005,0.0
491.8,0.0
491.90000000000003,0.0
492.0,0.0
492.1,0.0
492.20000000000005,0.0
492.3,0.0
492.40000000000003,0.0
492.5,0.0
492.6,0.0
492.70000000000005,0.0
492.8,0.0
492.90000000000003,0.0
493.0,0.0
493.1,0.0
493.20000000000005,0.0
493.3,0.0
493.40000000000003,0.0
493.5,0.0
493.6,0.0
493.70000000000005,0.0
493.8,0.0
493.90000000000003,0.0
494.0,0.0
494.1,0.0
494.20000000000005,0.0
494.3,0.0
494.40000000000003,0.0
494.5,0.0
494.6,0.0
494.70000000000005,0.0
494.8,0.0
494.90000000000003,0.0
495.0,0.0
495.1,0.0
495.20000000000005,0.0
495.3,0.0
495.40000000000003,0.0
495.5,0.0
495.6,0.0
495.70000000000005,0.0
495.8,0.0
495.90000000000003,0.0
496.0,0.0
496.1,0.0
496.20000000000005,0.0
496.3,0.0
496.40000000000003,0.0
496.5,0.0
496.6,0.0
496.70000000000005,0.0
496.8,0.0
496.90000000000003,0.0
497.0,0.0
497.1,0.0
497.20000000000005,0.0
497.3,0.0
497.40000000000003,0.0
497.5,0.0
497.6,0.0
497.70000000000005,0.0
497.8,0.0
497.90000000000003,0.0
498.0,0.0
498.1,0.0
498.20000000000005,0.0
498.3,0.0
498.40000000000003,0.0
498.5,0.0
498.6,0.0
498.70000000000005,0.0
498.8,0.0
498.90000000000003,0.0
499.0,0.0
499.1,0.0
499.20000000000005,0.0
499.3,0.0
499.40000000000003,0.0
499.5,0.0
499.6,0.0
499.70000000000005,0.0
499.8,0.0
499.90000000000003,0.0
500.0,0.0
500.1,0.0
500.20000000000005,0.0
500.3,0.0
500.40000000000003,0.0
500.5,0.0
500.6,0.0
500.70000000000005,0.0
500.8,0.0
500.90000000000003,0.0
501.0,0.0
501.1,0.0
501.20000000000005,0.0
501.3,0.0
501.40000000000003,0.0
501.5,0.0
501.6,0.0
501.70000000000005,0.0
501.8,0.0
501.90000000000003,0.0
502.0,0.0
502.1,0.0
502.20000000000005,0.0
502.3,0.0
502.40000000000003,0.0
502.5,0.0
502.6,0.0
502.70000000000005,0.0
502.8,0.0
502.90000000000003,0.0
503.0,0.0
503.1,0.0
503.20000000000005,0.0
503.3,0.0
503.40000000000003,0.0
503.5,0.0
503.6,0.0
503.70000000000005,0.0
503.8,0.0
503.90000000000003,0.0
504.0,0.0
504.1,0.0
504.20000000000005,0.0
504.3,0.0
504.40000000000003,0.0
504.5,0.0
504.6,0.0
504.70000000000005,0.0
504.8,0.0
504.90000000000003,0.0
505.0,0.0
505.1,0.0
505.20000000000005,0.0
505.3,0.0
505.40000000000003,0.0
505.5,0.0
505.6,0.0
505.70000000000005,0.0
505.8,0.0
505.90000000000003,0.0
506.0,0.0
506.1,0.0
506.20000000000005,0.0
506.3,0.0
506.40000000000003,0.0
506.5,0.0
506.6,0.0
506.70000000000005,0.0
506.8,0.0
506.90000000000003,0.0
507.0,0.0
507.1,0.0
507.20000000000005,0.0
507.3,0.0
507.40000000000003,0.0
507.5,0.0
507.6,0.0
507.70000000000005,0.0
507.8,0.0
507.90000000000003,0.0
508.0,0.0
508.1,0.0
508.20000000000005,0.0
508.3,0.0
508.40000000000003,0.0
508.5,0.0
508.6,0.0
508.70000000000005,0.0
508.8,0.0
508.90000000000003,0.0
509.0,0.0
509.1,0.0
509.20000000000005,0.0
509.3,0.0
509.40000000000003,0.0
509.5,0.0
509.6,0.0
509.70000000000005,0.0
509.8,0.0
509.90000000000003,0.0
510.0,0.0
510.1,0.0
510.20000000000005,0.0
510.3,0.0
510.40000000000003,0.0
510.5,0.0
510.6,0.0
510.70000000000005,0.0
510.8,0.0
510.90000000000003,0.0
511.0,0.0
511.1,0.0
511.20000000000005,0.0
511.3,0.0
511.40000000000003,0.0
511.5,0.0
511.6,0.0
511.70000000000005,0.0
511.8,0.0
511.90000000000003,0.0
512.0,0.0
512.1,0.0
512.2,0.0
512.3000000000001,0.0
512.4,0.0
512.5,0.0
512.6,0.0
512.7,0.0
512.8000000000001,0.0
512.9,0.0
513.0,0.0
513.1,0.0
513.2,0.0
513.3000000000001,0.0
513.4,0.0
513.5,0.0
513.6,0.0
513.7,0.0
513.8000000000001,0.0
513.9,0.0
514.0,0.0
514.1,0.0
514.2,0.0
514.3000000000001,0.0
514.4,0.0
514.5,0.0
514.6,0.0
514.7,0.0
514.8000000000001,0.0
514.9,0.0
515.0,0.0
515.1,0.0
515.2,0.0
515.3000000000001,0.0
515.4,0.0
515.5,0.0
515.6,0.0
515.7,0.0
515.8000000000001,0.0
515.9,0.0
516.0,0.0
516.1,0.0
516.2,0.0
516.3000000000001,0.0
516.4,0.0
516.5,0.0
516.6,0.0
516.7,0.0
516.8000000000001,0.0
516.9,0.0
517.0,0.0
517.1,0.0
517.2,0.0
517.3000000000001,0.0
517.4,0.0
517.5,0.0
517.6,0.0
517.7,0.0
517.8000000000001,0.0
517.9,0.0
518.0,0.0
518.1,0.0
518.2,0.0
518.3000000000001,0.0
518.4,0.0
518.5,0.0
518.6,0.0
518.7,0.0
518.8000000000001,0.0
518.9,0.0
519.0,0.0
519.1,0.0
519.2,0.0
519.3000000000001,0.0
519.4,0.0
519.5,0.0
519.6,0.0
519.7,0.0
519.8000000000001,0.0
519.9,0.0
520.0,0.0
520.1,0.0
520.2,0.0
520.3000000000001,0.0
520.4,0.0
520.5,0.0
520.6,0.0
520.7,0.0
520.8000000000001,0.0
520.9,0.0
521.0,0.0
521.1,0.0
521.2,0.0
521.3000000000001,0.0
521.4,0.0
521.5,0.0
521.6,0.0
521.7,0.0
521.8000000000001,0.0
521.9,0.0
522.0,0.0
522.1,0.0
522.2,0.0
522.3000000000001,0.0
522.4,0.0
522.5,0.0
522.6,0.0
522.7,0.0
522.8000000000001,0.0
522.9,0.0
523.0,0.0
523.1,0.0
523.2,0.0
523.3000000000001,0.0
523.4,0.0
523.5,0.0
523.6,0.0
523.7,0.0
523.8000000000001,0.0
523.9,0.0
524.0,0.0
524.1,0.0
524.2,0.0
524.3000000000001,0.0
524.4,0.0
524.5,0.0
524.6,0.0
524.7,0.0
524.8000000000001,0.0
524.9,0.0
525.0,0.0
525.1,0.0
525.2,0.0
525.3000000000001,0.0
525.4,0.0
525.5,0.0
525.6,0.0
525.7,0.0
525.8000000000001,0.0
525.9,0.0
526.0,0.0
526.1,0.0
526.2,0.0
526.3000000000001,0.0
526.4,0.0
526.5,0.0
526.6,0.0
526.7,0.0
526.8000000000001,0.0
526.9,0.0
527.0,0.0
527.1,0.0
527.2,0.0
527.3000000000001,0.0
527.4,0.0
527.5,0.0
527.6,0.0
527.7,0.0
527.8000000000001,0.0
527.9,0.0
528.0,0.0
528.1,0.0
528.2,0.0
528.3000000000001,0.0
528.4,0.0
528.5,0.0
528.6,0.0
528.7,0.0
528.8000000000001,0.0
528.9,0.0
529.0,0.0
529.1,0.0
529.2,0.0
529.3000000000001,0.0
529.4,0.0
529.5,0.0
529.6,0.0
529.7,0.0
529.8000000000001,0.0
529.9,0.0
530.0,0.0
530.1,0.0
530.2,0.0
530.3000000000001,0.0
530.4,0.0
530.5,0.0
530.6,0.0
530.7,0.0
530.8000000000001,0.0
530.9,0.0
531.0,0.0
531.1,0.0
531.2,0.0
531.3000000000001,0.0
531.4,0.0
531.5,0.0
531.6,0.0
531.7,0.0
531.8000000000001,0.0
531.9,0.0
532.0,0.0
532.1,0.0
532.2,0.0
532.3000000000001,0.0
532.4,0.0
532.5,0.0
532.6,0.0
532.7,0.0
532.8000000000001,0.0
532.9,0.0
533.0,0.0
533.1,0.0
533.2,0.0
533.3000000000001,0.0
533.4,0.0
533.5,0.0
533.6,0.0
533.7,0.0
533.8000000000001,0.0
533.9,0.0
534.0,0.0
534.1,0.0
534.2,0.0
534.3000000000001,0.0
534.4,0.0
534.5,0.0
534.6,0.0
534.7,0.0
534.8000000000001,0.0
534.9,0.0
535.0,0.0
535.1,0.0
535.2,0.0
535.3000000000001,0.0
535.4,0.0
535.5,0.0
535.6,0.0
535.7,0.0
535.8000000000001,0.0
535.9,0.0
536.0,0.0
536.1,0.0
536.2,0.0
536.3000000000001,0.0
536.4,0.0
536.5,0.0
536.6,0.0
536.7,0.0
536.8000000000001,0.0
536.9,0.0
537.0,0.0
537.1,0.0
537.2,0.0
537.3000000000001,0.0
537.4,0.0
537.5,0.0
537.6,0.0
537.7,0.0
537.8000000000001,0.0
537.9,0.0
538.0,0.0
538.1,0.0
538.2,0.0
538.3000000000001,0.0
538.4,0.0
538.5,0.0
538.6,0.0
538.7,0.0
538.8000000000001,0.0
538.9,0.0
539.0,0.0
539.1,0.0
539.2,0.0
539.3000000000001,0.0
539.4,0.0
539.5,0.0
539.6,0.0
539.7,0.0
539.8000000000001,0.0
539.9,0.0
540.0,0.0
540.1,0.0
540.2,0.0
540.3000000000001,0.0
540.4,0.0
540.5,0.0
540.6,0.0
540.7,0.0
540.8000000000001,0.0
540.9,0.0
541.0,0.0
541.1,0.0
541.2,0.0
541.3000000000001,0.0
541.4,0.0
541.5,0.0
541.6,0.0
541.7,0.0
541.8000000000001,0.0
541.9,0.0
542.0,0.0
542.1,0.0
542.2,0.0
542.3000000000001,0.0
542.4,0.0
542.5,0.0
542.6,0.0
542.7,0.0
542.8000000000001,0.0
542.9,0.0
543.0,0.0
543.1,0.0
543.2,0.0
543.3000000000001,0.0
543.4,0.0
543.5,0.0
543.6,0.0
543.7,0.0
543.8000000000001,0.0
543.9,0.0
544.0,0.0
544.1,0.0
544.2,0.0
544.3000000000001,0.0
544.4,0.0
544.5,0.0
544.6,0.0
544.7,0.0
544.8000000000001,0.0
544.9,0.0
545.0,0.0
545.1,0.0
545.2,0.0
545.3000000000001,0.0
545.4,0.0
545.5,0.0
545.6,0.0
545.7,0.0
545.8000000000001,0.0
545.9,0.0
546.0,0.0
546.1,0.0
546.2,0.0
546.3000000000001,0.0
546.4,0.0
546.5,0.0
546.6,0.0
546.7,0.0
546.8000000000001,0.0
546.9,0.0
547.0,0.0
547.1,0.0
547.2,0.0
547.3000000000001,0.0
547.4,0.0
547.5,0.0
547.6,0.0
547.7,0.0
547.8000000000001,0.0
547.9,0.0
548.0,0.0
548.1,0.0
548.2,0.0
548.3000000000001,0.0
548.4,0.0
548.5,0.0
548.6,0.0
548.7,0.0
548.8000000000001,0.0
548.9,0.0
549.0,0.0
549.1,0.0
549.2,0.0
549.3000000000001,0.0
549.4,0.0
549.5,0.0
549.6,0.0
549.7,0.0
549.8000000000001,0.0
549.9,0.0
550.0,0.0
550.1,0.0
550.2,0.0
550.3000000000001,0.0
550.4,0.0
550.5,0.0
550.6,0.0
550.7,0.0
550.8000000000001,0.0
550.9,0.0
551.0,0.0
551.1,0.0
551.2,0.0
551.3000000000001,0.0
551.4,0.0
551.5,0.0
551.6,0.0
551.7,0.0
551.8000000000001,0.0
551.9,0.0
552.0,0.0
552.1,0.0
552.2,0.0
552.3000000000001,0.0
552.4,0.0
552.5,0.0
552.6,0.0
552.7,0.0
552.8000000000001,0.0
552.9,0.0
553.0,0.0
553.1,0.0
553.2,0.0
553.3000000000001,0.0
553.4,0.0
553.5,0.0
553.6,0.0
553.7,0.0
553.8000000000001,0.0
553.9,0.0
554.0,0.0
554.1,0.0
554.2,0.0
554.3000000000001,0.0
554.4,0.0
554.5,0.0
554.6,0.0
554.7,0.0
554.8000000000001,0.0
554.9,0.0
555.0,0.0
555.1,0.0
555.2,0.0
555.3000000000001,0.0
555.4,0.0
555.5,0.0
555.6,0.0
555.7,0.0
555.8000000000001,0.0
555.9,0.0
556.0,0.0
556.1,0.0
556.2,0.0
556.3000000000001,0.0
556.4,0.0
556.5,0.0
556.6,0.0
556.7,0.0
556.8000000000001,0.0
556.9,0.0
557.0,0.0
557.1,0.0
557.2,0.0
557.3000000000001,0.0
557.4,0.0
557.5,0.0
557.6,0.0
557.7,0.0
557.8000000000001,0.0
557.9,0.0
558.0,0.0
558.1,0.0
558.2,0.0
558.3000000000001,0.0
558.4,0.0
558.5,0.0
558.6,0.0
558.7,0.0
558.8000000000001,0.0
558.9,0.0
559.0,0.0
559.1,0.0
559.2,0.0
559.3000000000001,0.0
559.4,0.0
559.5,0.0
559.6,0.0
559.7,0.0
559.8000000000001,0.0
559.9,0.0
560.0,0.0
560.1,0.0
560.2,0.0
560.3000000000001,0.0
560.4,0.0
560.5,0.0
560.6,0.0
560.7,0.0
560.8000000000001,0.0
560.9,0.0
561.0,0.0
561.1,0.0
561.2,0.0
561.3000000000001,0.0
561.4,0.0
561.5,0.0
561.6,0.0
561.7,0.0
561.8000000000001,0.0
561.9,0.0
562.0,0.0
562.1,0.0
562.2,0.0
562.3000000000001,0.0
562.4,0.0
562.5,0.0
562.6,0.0
562.7,0.0
562.8000000000001,0.0
562.9,0.0
563.0,0.0
563.1,0.0
563.2,0.0
563.3000000000001,0.0
563.4,0.0
563.5,0.0
563.6,0.0
563.7,0.0
563.8000000000001,0.0
563.9,0.0
564.0,0.0
564.1,0.0
564.2,0.0
564.3000000000001,0.0
564.4,0.0
564.5,0.0
564.6,0.0
564.7,0.0
564.8000000000001,0.0
564.9,0.0
565.0,0.0
565.1,0.0
565.2,0.0
565.3000000000001,0.0
565.4,0.0
565.5,0.0
565.6,0.0
565.7,0.0
565.8000000000001,0.0
565.9,0.0
566.0,0.0
566.1,0.0
566.2,0.0
566.3000000000001,0.0
566.4,0.0
566.5,0.0
566.6,0.0
566.7,0.0
566.8000000000001,0.0
566.9,0.0
567.0,0.0
567.1,0.0
567.2,0.0
567.3000000000001,0.0
567.4,0.0
567.5,0.0
567.6,0.0
567.7,0.0
567.8000000000001,0.0
567.9,0.0
568.0,0.0
568.1,0.0
568.2,0.0
568.3000000000001,0.0
568.4,0.0
568.5,0.0
568.6,0.0
568.7,0.0
568.8000000000001,0.0
568.9,0.0
569.0,0.0
569.1,0.0
569.2,0.0
569.3000000000001,0.0
569.4,0.0
569.5,0.0
569.6,0.0
569.7,0.0
569.8000000000001,0.0
569.9,0.0
570.0,0.0
570.1,0.0
570.2,0.0
570.3000000000001,0.0
570.4,0.0
570.5,0.0
570.6,0.0
570.7,0.0
570.8000000000001,0.0
570.9,0.0
571.0,0.0
571.1,0.0
571.2,0.0
571.3000000000001,0.0
571.4,0.0
571.5,0.0
571.6,0.0
571.7,0.0
571.8000000000001,0.0
571.9,0.0
572.0,0.0
572.1,0.0
572.2,0.0
572.3000000000001,0.0
572.4,0.0
572.5,0.0
572.6,0.0
572.7,0.0
572.8000000000001,0.0
572.9,0.0
573.0,0.0
573.1,0.0
573.2,0.0
573.3000000000001,0.0
573.4,0.0
573.5,0.0
573.6,0.0
573.7,0.0
573.8000000000001,0.0
573.9,0.0
574.0,0.0
574.1,0.0
574.2,0.0
574.3000000000001,0.0
574.4,0.0
574.5,0.0
574.6,0.0
574.7,0.0
574.8000000000001,0.0
574.9,0.0
575.0,0.0
575.1,0.0
575.2,0.0
575.3000000000001,0.0
575.4,0.0
575.5,0.0
575.6,0.0
575.7,0.0
575.8000000000001,0.0
575.9,0.0
576.0,0.0
576.1,0.0
576.2,0.0
576.3000000000001,0.0
576.4,0.0
576.5,0.0
576.6,0.0
576.7,0.0
576.8000000000001,0.0
576.9,0.0
577.0,0.0
577.1,0.0
577.2,0.0
577.3000000000001,0.0
577.4,0.0
577.5,0.0
577.6,0.0
577.7,0.0
577.8000000000001,0.0
577.9,0.0
578.0,0.0
578.1,0.0
578.2,0.0
578.3000000000001,0.0
578.4,0.0
578.5,0.0
578.6,0.0
578.7,0.0
578.8000000000001,0.0
578.9,0.0
579.0,0.0
579.1,0.0
579.2,0.0
579.3000000000001,0.0
579.4,0.0
579.5,0.0
579.6,0.0
579.7,0.0
579.8000000000001,0.0
579.9,0.0
580.0,0.0
580.1,0.0
580.2,0.0
580.3000000000001,0.0
580.4,0.0
580.5,0.0
580.6,0.0
580.7,0.0
580.8000000000001,0.0
580.9,0.0
581.0,0.0
581.1,0.0
581.2,0.0
581.3000000000001,0.0
581.4,0.0
581.5,0.0
581.6,0.0
581.7,0.0
581.8000000000001,0.0
581.9,0.0
582.0,0.0
582.1,0.0
582.2,0.0
582.3000000000001,0.0
582.4,0.0
582.5,0.0
582.6,0.0
582.7,0.0
582.8000000000001,0.0
582.9,0.0
583.0,0.0
583.1,0.0
583.2,0.0
583.3000000000001,0.0
583.4,0.0
583.5,0.0
583.6,0.0
583.7,0.0
583.8000000000001,0.0
583.9,0.0
584.0,0.0
584.1,0.0
584.2,0.0
584.3000000000001,0.0
584.4,0.0
584.5,0.0
584.6,0.0
584.7,0.0
584.8000000000001,0.0
584.9,0.0
585.0,0.0
585.1,0.0
585.2,0.0
585.3000000000001,0.0
585.4,0.0
585.5,0.0
585.6,0.0
585.7,0.0
585.8000000000001,0.0
585.9,0.0
586.0,0.0
586.1,0.0
586.2,0.0
586.3000000000001,0.0
586.4,0.0
586.5,0.0
586.6,0.0
586.7,0.0
586.8000000000001,0.0
586.9,0.0
587.0,0.0
587.1,0.0
587.2,0.0
587.3000000000001,0.0
587.4,0.0
587.5,0.0
587.6,0.0
587.7,0.0
587.8000000000001,0.0
587.9,0.0
588.0,0.0
588.1,0.0
588.2,0.0
588.3000000000001,0.0
588.4,0.0
588.5,0.0
588.6,0.0
588.7,0.0
588.8000000000001,0.0
588.9,0.0
589.0,0.0
589.1,0.0
589.2,0.0
589.3000000000001,0.0
589.4,0.0
589.5,0.0
589.6,0.0
589.7,0.0
589.8000000000001,0.0
589.9,0.0
590.0,0.0
590.1,0.0
590.2,0.0
590.3000000000001,0.0
590.4,0.0
590.5,0.0
590.6,0.0
590.7,0.0
590.8000000000001,0.0
590.9,0.0
591.0,0.0
591.1,0.0
591.2,0.0
591.3000000000001,0.0
591.4,0.0
591.5,0.0
591.6,0.0
591.7,0.0
591.8000000000001,0.0
591.9,0.0
592.0,0.0
592.1,0.0
592.2,0.0
592.3000000000001,0.0
592.4,0.0
592.5,0.0
592.6,0.0
592.7,0.0
592.8000000000001,0.0
592.9,0.0
593.0,0.0
593.1,0.0
593.2,0.0
593.3000000000001,0.0
593.4,0.0
593.5,0.0
593.6,0.0
593.7,0.0
593.8000000000001,0.0
593.9,0.0
594.0,0.0
594.1,0.0
594.2,0.0
594.3000000000001,0.0
594.4,0.0
594.5,0.0
594.6,0.0
594.7,0.0
594.8000000000001,0.0
594.9,0.0
595.0,0.0
595.1,0.0
595.2,0.0
595.3000000000001,0.0
595.4,0.0
595.5,0.0
595.6,0.0
595.7,0.0
595.8000000000001,0.0
595.9,0.0
596.0,0.0
596.1,0.0
596.2,0.0
596.3000000000001,0.0
596.4,0.0
596.5,0.0
596.6,0.0
596.7,0.0
596.8000000000001,0.0
596.9,0.0
597.0,0.0
597.1,0.0
597.2,0.0
597.3000000000001,0.0
597.4,0.0
597.5,0.0
597.6,0.0
597.7,0.0
597.8000000000001,0.0
597.9,0.0
598.0,0.0
598.1,0.0
598.2,0.0
598.3000000000001,0.0
598.4,0.0
598.5,0.0
598.6,0.0
598.7,0.0
598.8000000000001,0.0
598.9,0.0
599.0,0.0
599.1,0.0
599.2,0.0
599.3000000000001,0.0
599.4,0.0
599.5,0.0
599.6,0.0
599.7,0.0
599.8000000000001,0.0
599.9,0.0
600.0,0.0
